# path	class_name	extends	lines	signals	funcs
third_party/Godot-Game-Template/addons/maaacks_game_template/base/nodes/autoloads/app_config/app_config.gd		Node	10		_ready
third_party/Godot-Game-Template/addons/maaacks_game_template/base/nodes/autoloads/music_controller/music_controller.gd	MusicController	Node	184		fade_out,_set_sub_audio_volume_db,fade_in,blend_to,stop,play,_fade_out_and_free,_play_and_fade_in,_is_matching_stream,_connect_stream_on_tree_exiting,_blend_and_remove_stream_player,_blend_and_connect_stream_player,play_stream_player,get_stream_player,play_stream,_clone_music_player,_reparent_music_player,_node_matches_checks,_on_removed_music_player,_on_added_music_player,_enter_tree,_exit_tree
third_party/Godot-Game-Template/addons/maaacks_game_template/base/nodes/autoloads/scene_loader/scene_loader.gd	SceneLoaderClass	Node	127	scene_loaded	_check_scene_path,get_status,get_progress,get_resource,change_scene_to_resource,change_scene_to_loading_screen,set_loading_screen,is_loading_scene,has_loading_screen,_check_loading_screen,reload_current_scene,load_scene,_unhandled_key_input,_ready,_process
third_party/Godot-Game-Template/addons/maaacks_game_template/base/nodes/autoloads/ui_sound_controller/ui_sound_controller.gd	UISoundController	Node	208		_update_persistent_signals,_build_stream_player,_build_button_stream_players,_build_tab_stream_players,_build_slider_stream_players,_build_line_stream_players,_build_item_list_stream_players,_build_tree_stream_players,_build_all_stream_players,_play_stream,_tab_event_play_stream,_slider_drag_ended_play_stream,_line_event_play_stream,_item_list_play_stream,_tree_button_clicked_play_stream,_connect_stream_player,connect_ui_sounds,_recursive_connect_ui_sounds,_ready,_exit_tree
third_party/Godot-Game-Template/addons/maaacks_game_template/base/nodes/config/app_settings.gd	AppSettings	Node	188		get_config_input_events,set_config_input_events,_clear_config_input_events,remove_action_input_event,set_input_from_config,_get_action_names,_get_custom_action_names,get_action_names,reset_to_default_inputs,set_default_inputs,set_inputs_from_config,get_bus_volume,set_bus_volume,is_muted,set_mute,get_audio_bus_name,set_audio_from_config,set_fullscreen_enabled,set_resolution,is_fullscreen,get_resolution,_on_window_size_changed,_set_fullscreen_from_config,set_vsync,get_vsync,_set_v_sync_from_config,set_video_from_config,set_from_config,set_from_config_and_window
third_party/Godot-Game-Template/addons/maaacks_game_template/base/nodes/config/player_config.gd	PlayerConfig	Object	56		_save_config_file,load_config_file,set_config,get_config,has_section,has_section_key,erase_section,erase_section_key,get_section_keys
third_party/Godot-Game-Template/addons/maaacks_game_template/base/nodes/input_hint/input_hint.gd		Control	96		_get_input_event,_refresh,_ready,_input,_on_cycle_delay_timeout,_on_update_delay_timeout
third_party/Godot-Game-Template/addons/maaacks_game_template/base/nodes/labels/config_name_label.gd		Label	18		update_name_label,_ready
third_party/Godot-Game-Template/addons/maaacks_game_template/base/nodes/labels/config_version_label.gd		Label	17		update_version_label,_ready
third_party/Godot-Game-Template/addons/maaacks_game_template/base/nodes/labels/credits_label.gd		RichTextLabel	114		load_file,regex_replace_imgs,regex_replace_urls,regex_replace_titles,_update_text_from_file,set_file_path,_on_meta_clicked,_ready
third_party/Godot-Game-Template/addons/maaacks_game_template/base/nodes/labels/plugin_version_label.gd		Label	28		_get_plugin_version,update_version_label,_ready
third_party/Godot-Game-Template/addons/maaacks_game_template/base/nodes/loading_screen/loading_screen.gd	LoadingScreen	CanvasLayer	176		update_total_loading_progress,_reset_loading_stage,_reset_loading_start_time,_get_seconds_waiting,_update_scene_loading_progress,_set_scene_loading_complete,_reset_scene_loading_progress,_show_loading_stalled_error_message,_show_scene_switching_error_message,_hide_popups,get_progress_message,_update_progress_messaging,_process,_on_loading_timer_timeout,_reload_main_scene_or_quit,_on_error_message_confirmed,_on_confirmation_dialog_canceled,_on_confirmation_dialog_confirmed,reset,close
third_party/Godot-Game-Template/addons/maaacks_game_template/base/nodes/menus/main_menu/main_menu.gd	MainMenu	Control	125	sub_menu_opened,sub_menu_closed,game_started,game_exited	get_game_scene_path,load_game_scene,new_game,try_exit_game,exit_game,_open_sub_menu,_close_sub_menu,_event_is_mouse_button_released,_input,_hide_exit_for_web,_hide_new_game_if_unset,_hide_options_if_unset,_hide_credits_if_unset,_ready,_on_new_game_button_pressed,_on_options_button_pressed,_on_credits_button_pressed,_on_exit_button_pressed,_on_exit_confirmation_confirmed
third_party/Godot-Game-Template/addons/maaacks_game_template/base/nodes/menus/options_menu/audio/audio_options_menu.gd		Control	38		_on_bus_changed,_add_audio_control,_add_audio_bus_controls,_update_ui,_ready,_on_mute_control_setting_changed
third_party/Godot-Game-Template/addons/maaacks_game_template/base/nodes/menus/options_menu/input/input_actions_list.gd	InputActionsList	Container	349	already_assigned,minimum_reached,button_clicked	_refresh_readable_action_names,_clear_list,_replace_action,_on_button_pressed,_new_action_box,_add_header,_add_to_action_button_map,_get_button_by_action,_update_next_button_disabled_state,_update_assigned_inputs_and_button,_clear_button,_add_new_button,_connect_button_and_add_to_maps,_add_action_options,_get_all_action_names,_get_action_readable_name,_build_ui_list,_assign_input_event,_assign_input_event_to_action_group,_build_assigned_input_events,_get_action_for_input_event,add_action_event,_refresh_ui_list_button_content,_set_action_box_container_size,reset,_ready
third_party/Godot-Game-Template/addons/maaacks_game_template/base/nodes/menus/options_menu/input/input_actions_tree.gd	InputActionsTree	Tree	232	already_assigned,minimum_reached,add_button_clicked,remove_button_clicked	_refresh_readable_action_names,_start_tree,_add_input_event_as_tree_item,_add_action_as_tree_item,_get_all_action_names,_get_action_readable_name,_build_ui_tree,_assign_input_event,_assign_input_event_to_action,_can_remove_input_event,_remove_input_event,_remove_input_event_from_action,_build_assigned_input_events,_get_action_for_input_event,add_action_event,remove_action_event,reset,_add_item,_remove_item,_check_item_actions,_on_button_clicked,_on_item_activated,_ready
third_party/Godot-Game-Template/addons/maaacks_game_template/base/nodes/menus/options_menu/input/input_icon_mapper.gd	InputIconMapper	FileLister	140	joypad_device_changed	_is_end_of_word,_get_standard_joy_name,_match_icon_to_file,_prioritized_files,_match_icons_to_inputs,get_icon,_assign_joypad_0_to_last,_input,_ready
third_party/Godot-Game-Template/addons/maaacks_game_template/base/nodes/menus/options_menu/input/input_options_menu.gd		Control	92		_ready,_add_action_event,_remove_action_event,_on_reset_button_pressed,_on_key_deletion_confirmation_confirmed,_on_key_assignment_window_confirmed,_open_key_assignment_window,_on_input_actions_tree_add_button_clicked,_on_input_actions_tree_remove_button_clicked,_popup_already_assigned,_popup_minimum_reached,_on_input_actions_tree_already_assigned,_on_input_actions_tree_minimum_reached,_on_input_actions_list_already_assigned,_on_input_actions_list_minimum_reached,_on_input_actions_list_button_clicked,_on_reset_confirmation_confirmed
third_party/Godot-Game-Template/addons/maaacks_game_template/base/nodes/menus/options_menu/input/key_assignment_window.gd		ConfirmationOverlaidWindow	113		_record_input_event,_is_recordable_input,_start_listening,_stop_listening,_on_input_text_edit_focus_entered,_on_input_text_edit_focus_exited,_focus_on_ok,_ready,_input_matches_last,_is_mouse_input,_input_confirms_choice,_should_process_input_event,_should_confirm_input_event,_confirm_choice,_process_input_event,_on_input_text_edit_gui_input,_on_visibility_changed
third_party/Godot-Game-Template/addons/maaacks_game_template/base/nodes/menus/options_menu/option_control/list_option_control.gd	ListOptionControl	OptionControl	84		_on_option_values_changed,_on_setting_changed,_set_titles_from_values,_value_title_map,_match_value_to_other,_refresh_option_values,set_value,_set_option_list,disable_option,_ready
third_party/Godot-Game-Template/addons/maaacks_game_template/base/nodes/menus/options_menu/option_control/option_control.gd	OptionControl	Control	136	setting_changed	_on_setting_changed,_get_setting,_connect_option_inputs,set_value,set_editable,_ready,_set,_get_property_list
third_party/Godot-Game-Template/addons/maaacks_game_template/base/nodes/menus/options_menu/option_control/vector_2_list_option_control.gd	Vector2ListOptionControl	ListOptionControl	9		_value_title_map
third_party/Godot-Game-Template/addons/maaacks_game_template/base/nodes/menus/options_menu/paginated_tab_container.gd		TabContainer	18		_unhandled_input
third_party/Godot-Game-Template/addons/maaacks_game_template/base/nodes/menus/options_menu/video/video_options_menu.gd		Control	37		_preselect_resolution,_update_resolution_options_enabled,_update_ui,_ready,_on_fullscreen_control_setting_changed,_on_resolution_control_setting_changed,_on_v_sync_control_setting_changed
third_party/Godot-Game-Template/addons/maaacks_game_template/base/nodes/opening/opening.gd		Control	120		get_next_scene_path,_on_scene_loaded,_load_next_scene,_add_textures_to_container,_event_skips_image,_event_skips_intro,_event_is_mouse_button_released,_unhandled_input,_gui_input,_transition_out,_transition_in,_wait_and_fade_out,_hide_previous_image,_show_next_image,_ready
third_party/Godot-Game-Template/addons/maaacks_game_template/base/nodes/state/global_state.gd	GlobalState	Node	50		_log_opened,_log_version,_load_current_state,open,save,has_state,get_or_create_state,reset
third_party/Godot-Game-Template/addons/maaacks_game_template/base/nodes/state/global_state_data.gd	GlobalStateData	Resource	24		get_or_create_state,has_state
third_party/Godot-Game-Template/addons/maaacks_game_template/base/nodes/utilities/capture_focus.gd		Control	68		_focus_first_search,focus_first,update_focus,_should_capture_focus,_is_visible_and_should_capture,_on_visibility_changed,_ready
third_party/Godot-Game-Template/addons/maaacks_game_template/base/nodes/utilities/file_lister.gd	FileLister	Node	62		_refresh_directory_files,_refresh_files
third_party/Godot-Game-Template/addons/maaacks_game_template/base/nodes/utilities/input_helper.gd	InputEventHelper	Node	210		has_joypad,is_joypad_event,is_mouse_event,is_screen_event,is_keyboard_event,get_joypad_device_name_by_id,get_joypad_device_name,get_input_device_name,_display_server_supports_keycode_from_physical,get_text,get_joypad_event_button_name,get_event_device_text,get_action_device_event
third_party/Godot-Game-Template/addons/maaacks_game_template/base/nodes/utilities/pause_menu_controller.gd		Node	31		pause,_unhandled_input,_ready
third_party/Godot-Game-Template/addons/maaacks_game_template/base/nodes/windows/confirmation_overlaid_window.gd	ConfirmationOverlaidWindow	OverlaidWindow	20	confirmed	confirm,_on_confirm_button_pressed
third_party/Godot-Game-Template/addons/maaacks_game_template/base/nodes/windows/overlaid_window.gd	OverlaidWindow	WindowContainer	88		_set_focus_none,_set_focus_initial,close,_overlaid_window_setup,_on_visibility_changed,_enter_tree
third_party/Godot-Game-Template/addons/maaacks_game_template/base/nodes/windows/overlaid_window_scene_container.gd	OverlaidWindowContainer	OverlaidWindow	19		_ready
third_party/Godot-Game-Template/addons/maaacks_game_template/base/nodes/windows/window_container.gd	WindowContainer	PanelContainer	67	closed,opened	_ready,close,_handle_cancel_input,_unhandled_input,_on_close_button_pressed,show,_exit_tree
third_party/Godot-Game-Template/addons/maaacks_game_template/examples/scenes/credits/scrollable_credits.gd		Control	29		_on_visibility_changed,_ready,_process
third_party/Godot-Game-Template/addons/maaacks_game_template/examples/scenes/credits/scrolling_credits.gd		Control	92	end_reached	set_header_and_footer,_on_resized,_end_reached,is_end_reached,_check_end_reached,_scroll_container,_on_gui_input,_on_scroll_started,_start_scroll_restart_timer,_on_scroll_restart_timer_timeout,_on_visibility_changed,_ready,_process,_exit_tree
third_party/Godot-Game-Template/addons/maaacks_game_template/examples/scenes/end_credits/end_credits.gd		res://addons/maaacks_game_template/examples/scenes/credits/scrolling_credits.gd	61		get_main_menu_scene_path,_end_reached,load_main_menu,exit_game,_on_visibility_changed,_ready,_unhandled_input,_on_exit_button_pressed,_on_menu_button_pressed
third_party/Godot-Game-Template/addons/maaacks_game_template/examples/scenes/game/levels/level.gd		Node	37	level_lost,level_won,level_changed	_on_lose_button_pressed,_on_win_button_pressed,open_tutorials,_ready,_on_color_picker_button_color_changed,_on_tutorial_button_pressed
third_party/Godot-Game-Template/addons/maaacks_game_template/examples/scenes/game/scripts/configurable_sub_viewport.gd		SubViewport	12		_ready
third_party/Godot-Game-Template/addons/maaacks_game_template/examples/scenes/game/scripts/game_timer.gd		Node	27		_add_timers,_enter_tree,_exit_tree
third_party/Godot-Game-Template/addons/maaacks_game_template/examples/scenes/game/scripts/input_display_label.gd		Label	21		_get_inputs_as_string,_process
third_party/Godot-Game-Template/addons/maaacks_game_template/examples/scenes/game/scripts/tutorial_manager.gd		Node	32		open_tutorials,_ready
third_party/Godot-Game-Template/addons/maaacks_game_template/examples/scenes/loading_screen/loading_screen.gd		LoadingScreen	1		
third_party/Godot-Game-Template/addons/maaacks_game_template/examples/scenes/loading_screen/loading_screen_with_shader_caching.gd		LoadingScreen	98		can_load_shader_cache,update_total_loading_progress,_set_scene_loading_complete,_show_all_draw_passes_once,_traverse_folders,_load_material,_ready
third_party/Godot-Game-Template/addons/maaacks_game_template/examples/scenes/menus/level_select_menu/level_select_menu.gd		Control	33	level_selected	_ready,add_levels_to_container,_on_level_buttons_container_item_activated
third_party/Godot-Game-Template/addons/maaacks_game_template/examples/scenes/menus/main_menu/main_menu.gd		MainMenu	50		load_game_scene,new_game,_add_level_select_if_set,_show_continue_if_set,_ready,_on_continue_game_button_pressed,_on_level_select_button_pressed,_on_new_game_confirmation_confirmed
third_party/Godot-Game-Template/addons/maaacks_game_template/examples/scenes/menus/main_menu/main_menu_with_animations.gd		MainMenu	80		load_game_scene,new_game,intro_done,_is_in_intro,_event_skips_intro,_open_sub_menu,_close_sub_menu,_input,_show_level_select_if_set,_show_continue_if_set,_ready,_on_continue_game_button_pressed,_on_level_select_button_pressed,_on_new_game_confirmation_confirmed
third_party/Godot-Game-Template/addons/maaacks_game_template/examples/scenes/menus/options_menu/audio/audio_input_option_control.gd		ListOptionControl	39		_set_input_device,_add_microphone_audio_stream,_ready,_on_setting_changed,_value_title_map
third_party/Godot-Game-Template/addons/maaacks_game_template/examples/scenes/menus/options_menu/game/game_options_menu.gd		Control	4		_on_ResetGameControl_reset_confirmed
third_party/Godot-Game-Template/addons/maaacks_game_template/examples/scenes/menus/options_menu/game/reset_game_control/reset_game_control.gd		HBoxContainer	25	reset_confirmed	_on_cancel_button_pressed,_on_reset_button_pressed,_on_confirm_button_pressed
third_party/Godot-Game-Template/addons/maaacks_game_template/examples/scenes/menus/options_menu/master_options_menu_with_tabs.gd		res://addons/maaacks_game_template/base/nodes/menus/options_menu/paginated_tab_container.gd	21		_ready
third_party/Godot-Game-Template/addons/maaacks_game_template/examples/scenes/menus/options_menu/mini_options_menu.gd		Control	64		_on_bus_changed,_add_audio_control,_add_audio_bus_controls,_preselect_resolution,_update_resolution_options_enabled,_update_ui,_ready,_on_mute_control_setting_changed,_on_fullscreen_control_setting_changed,_on_resolution_control_setting_changed
third_party/Godot-Game-Template/addons/maaacks_game_template/examples/scenes/windows/game_won_window.gd		OverlaidWindow	26	continue_pressed,main_menu_pressed	_ready,_on_exit_button_pressed,_on_main_menu_button_pressed,_on_close_button_pressed,_on_main_menu_confirmation_confirmed,_on_exit_confirmation_confirmed
third_party/Godot-Game-Template/addons/maaacks_game_template/examples/scenes/windows/level_lost_window.gd		OverlaidWindow	26	restart_pressed,main_menu_pressed	_ready,_on_exit_button_pressed,_on_main_menu_button_pressed,_on_close_button_pressed,_on_main_menu_confirmation_confirmed,_on_exit_confirmation_confirmed
third_party/Godot-Game-Template/addons/maaacks_game_template/examples/scenes/windows/level_won_window.gd		OverlaidWindow	31	continue_pressed,main_menu_pressed,restart_pressed	_ready,_on_exit_button_pressed,_on_main_menu_button_pressed,_on_close_button_pressed,_on_main_menu_confirmation_confirmed,_on_restart_button_pressed,_on_exit_confirmation_confirmed
third_party/Godot-Game-Template/addons/maaacks_game_template/examples/scenes/windows/main_menu_credits_window.gd		res://addons/maaacks_game_template/base/nodes/windows/overlaid_window_scene_container.gd	7		_ready
third_party/Godot-Game-Template/addons/maaacks_game_template/examples/scenes/windows/pause_menu.gd		OverlaidWindow	102		get_main_menu_scene_path,close_window,_load_scene,_show_window,_load_and_show_menu,_handle_cancel_input,_refresh_exit_button,_refresh_options_button,_refresh_main_menu_button,_ready,_on_restart_button_pressed,_on_options_button_pressed,_on_main_menu_button_pressed,_on_exit_button_pressed,_on_restart_confirmation_confirmed,_on_restart_confirmation_closed,_on_main_menu_confirmation_confirmed,_on_exit_confirmation_confirmed
third_party/Godot-Game-Template/addons/maaacks_game_template/examples/scenes/windows/pause_menu_layer.gd		CanvasLayer	13		_on_pause_menu_hidden,_on_visibility_changed,_ready
third_party/Godot-Game-Template/addons/maaacks_game_template/examples/scripts/game_state.gd	GameStateExample	Resource	79		get_level_state,has_game_state,get_or_create_state,get_current_level_path,get_checkpoint_level_path,get_levels_reached,set_checkpoint_level_path,set_current_level_path,start_game,continue_game,reset
third_party/Godot-Game-Template/addons/maaacks_game_template/examples/scripts/level_and_state_manager.gd		LevelManager	15		set_current_level_path,set_checkpoint_level_path,get_checkpoint_level_path
third_party/Godot-Game-Template/addons/maaacks_game_template/examples/scripts/level_state.gd	LevelStateExample	Resource	5		
third_party/Godot-Game-Template/addons/maaacks_game_template/extras/scripts/capture_mouse.gd		Control	8		_gui_input
third_party/Godot-Game-Template/addons/maaacks_game_template/extras/scripts/level_loader.gd	LevelLoader	Node	45	level_load_started,level_loaded,level_ready	_attach_level,load_level
third_party/Godot-Game-Template/addons/maaacks_game_template/extras/scripts/level_manager.gd	LevelManager	Node	188		set_current_level_path,set_checkpoint_level_path,_try_connecting_signal_to_node,_try_connecting_signal_to_level,_close_scene,get_main_menu_scene_path,_load_main_menu,_find_in_scene_lister,is_on_last_level,get_relative_level_path,get_next_level_path,get_prev_level_path,get_ending_scene_path,_load_ending,_on_level_lost,get_checkpoint_level_path,load_level,_load_checkpoint_level,_reload_level,_load_win_screen_or_ending,_load_level_won_screen_or_checkpoint,_on_level_won,_on_level_changed,_connect_level_signals,_on_level_loader_level_loaded,_on_level_loader_level_load_started,_on_level_loader_level_ready,_auto_load,_ready
third_party/Godot-Game-Template/addons/maaacks_game_template/extras/scripts/scene_lister.gd	SceneLister	Node	23		_refresh_files
third_party/Godot-Game-Template/addons/maaacks_game_template/extras/scripts/win_lose_manager.gd		Node	70		_try_connecting_signal_to_node,get_main_menu_scene_path,_load_main_menu,get_ending_scene_path,_load_ending,_load_lose_screen_or_reload,_reload_level,_load_win_screen_or_ending,game_lost,game_won
third_party/Godot-Game-Template/addons/maaacks_game_template/installer/check_plugin_version.gd		Node	86	new_version_detected,versions_matched,failed	get_plugin_version,_update_urls,_on_api_client_request_failed,_on_api_client_response_received,compare_versions,_ready
third_party/Godot-Game-Template/addons/maaacks_game_template/installer/copy_and_edit_files.gd		Node	176	canceled,completed	show,hide,close,_remove_uids,_replace_paths,_replace_strings,_replace_content,_replace_file_contents,_save_resource,_raw_copy_file_path,_copy_file_path,_copy_directory_path,_complete,_wait_for_scan_and_complete,_delayed_saving_and_next_prompt,_copy_to_directory,_on_destination_dialog_dir_selected,_on_destination_dialog_canceled
third_party/Godot-Game-Template/addons/maaacks_game_template/installer/kenney_input_prompts_dialog.gd		ConfirmationDialog	12	configuration_selected	_on_item_list_item_selected,set_short_description
third_party/Godot-Game-Template/addons/maaacks_game_template/installer/kenney_input_prompts_installer.gd		Node	336	canceled,completed	_download_and_extract,_run_complete,_clean_up_or_complete,_process,_delete_recursive,get_full_path,_has_extras,_delete_extras,_configure_icons,_configure_and_complete,_scan_filesystem_and_reimport,_enable_forced_install,_enable_skipped_install,_show_error_dialog,_ready,_on_kenney_input_prompts_dialog_canceled,_on_kenney_input_prompts_dialog_configuration_selected,_on_kenney_input_prompts_dialog_confirmed,_on_skip_installation_dialog_canceled,_on_skip_installation_dialog_confirmed,_on_error_dialog_confirmed,_on_error_dialog_canceled,_on_download_and_extract_run_completed,_on_download_and_extract_run_failed,_on_clean_up_dialog_confirmed,_on_clean_up_dialog_canceled
third_party/Godot-Game-Template/addons/maaacks_game_template/installer/main_scene_confirmation_dialog.gd		ConfirmationDialog	8		set_main_scene_text
third_party/Godot-Game-Template/addons/maaacks_game_template/installer/release_notes_label.gd		RichTextLabel	79		regex_replace_imgs,regex_replace_urls,regex_replace_bolds,regex_replace_titles,from_release_notes,_on_meta_clicked,_ready
third_party/Godot-Game-Template/addons/maaacks_game_template/installer/setup_wizard.gd		AcceptDialog	139		_refresh_plugin_details,_show_plugin_versions_match,_enable_update_plugin_tool_option,_open_check_plugin_version,_refresh_copy_and_delete_examples,_refresh_update_autoload_paths,_refresh_main_scene,_refresh_default_theme,_refresh_input_prompts,_refresh_options,_ready,_on_update_button_pressed,_on_copy_button_pressed,_on_delete_button_pressed,_on_update_paths_button_pressed,_on_set_main_scene_button_pressed,_on_set_default_theme_button_pressed,_on_add_input_icons_button_pressed
third_party/Godot-Game-Template/addons/maaacks_game_template/installer/theme_selection_dialog.gd		ConfirmationDialog	33	theme_selected	_fill_with_themes,_ready,_preview_theme,_on_item_list_item_selected
third_party/Godot-Game-Template/addons/maaacks_game_template/installer/update_plugin.gd		Node	174	update_completed	_load_plugin_details,_update_urls,_show_error_dialog,_show_success_dialog,_on_api_client_request_failed,_on_api_client_response_received,_on_download_and_extract_zip_saved,_on_download_and_extract_run_failed,_on_download_and_extract_run_completed,_on_error_dialog_canceled,_on_error_dialog_confirmed,_on_success_dialog_canceled,_on_success_dialog_confirmed,_on_update_confirmation_dialog_canceled,_on_update_confirmation_dialog_confirmed,_on_warning_message_button_pressed,_on_release_notes_button_pressed,get_newest_version,_ready,_process
third_party/Godot-Game-Template/addons/maaacks_game_template/plugin.gd	MaaacksGameTemplatePlugin	EditorPlugin	413		get_plugin_name,get_settings_path,get_plugin_path,get_plugin_examples_path,get_app_config_path,get_scene_loader_path,get_copy_path,_on_theme_selected,_update_gui_theme,_on_visibility_changed_to_hidden,open_theme_selection_dialog,open_setup_complete_dialog,_delayed_call_with_path,_delayed_open_setup_complete_dialog,_update_main_scene,is_main_scene_set,_check_main_scene_needs_updating,open_main_scene_confirmation_dialog,_open_play_opening_confirmation_dialog,_open_delete_examples_confirmation_dialog,open_delete_examples_short_confirmation_dialog,_run_opening_scene,_delete_directory_recursive,_delete_source_examples_directory,_raw_copy_file_path,_copy_override_file,_update_app_config_paths,_update_scene_loader_path,_add_translations,_is_app_config_path_updated,_is_scene_loader_path_updated,are_autoload_paths_updated,update_autoload_paths,_on_completed_copy_to_directory,are_examples_deleted,is_partially_installed,open_input_icons_dialog,open_copy_and_edit_dialog,_open_confirmation_dialog,_open_continue_setup_dialog,_open_check_plugin_version,open_update_plugin,open_setup_wizard,_add_update_plugin_tool_option,_remove_update_plugin_tool_option,_show_plugin_dialogues,_resave_if_recently_opened,_add_audio_bus,_install_audio_busses,_add_tool_options,_remove_tool_options,_enable_plugin,_disable_plugin,_enter_tree,_exit_tree
third_party/Godot-Game-Template/addons/maaacks_game_template/utilities/api_client.gd		Node	156	response_received,request_failed	get_http_request,get_api_key,get_api_url,get_api_method,mock_empty_body,mock_request,request,request_raw,_on_request_completed,_on_http_request_request_completed,_on_timeout_timer_timeout
third_party/Godot-Game-Template/addons/maaacks_game_template/utilities/download_and_extract.gd		Node	284	run_completed,response_received,run_failed,zip_saved	get_http_request,get_zip_url,_zip_exists,get_request_method,run,_delete_zip_file,_save_zip_file,extract_path_exists,_make_extract_path,_extract_files,_on_request_completed,_on_http_request_request_completed,_on_timeout_timer_timeout,get_progress,get_save_progress,get_extraction_progress,get_download_progress,_zipped_files_remaining,_extract_next_zipped_file,_finish_extraction,_process
third_party/Godot-Game-Template/scenes/credits/scrollable_credits.gd		Control	29		_on_visibility_changed,_ready,_process
third_party/Godot-Game-Template/scenes/credits/scrolling_credits.gd		Control	92	end_reached	set_header_and_footer,_on_resized,_end_reached,is_end_reached,_check_end_reached,_scroll_container,_on_gui_input,_on_scroll_started,_start_scroll_restart_timer,_on_scroll_restart_timer_timeout,_on_visibility_changed,_ready,_process,_exit_tree
third_party/Godot-Game-Template/scenes/end_credits/end_credits.gd		res://scenes/credits/scrolling_credits.gd	61		get_main_menu_scene_path,_end_reached,load_main_menu,exit_game,_on_visibility_changed,_ready,_unhandled_input,_on_exit_button_pressed,_on_menu_button_pressed
third_party/Godot-Game-Template/scenes/game/levels/level.gd		Node	37	level_lost,level_won,level_changed	_on_lose_button_pressed,_on_win_button_pressed,open_tutorials,_ready,_on_color_picker_button_color_changed,_on_tutorial_button_pressed
third_party/Godot-Game-Template/scenes/game/scripts/configurable_sub_viewport.gd		SubViewport	12		_ready
third_party/Godot-Game-Template/scenes/game/scripts/game_timer.gd		Node	27		_add_timers,_enter_tree,_exit_tree
third_party/Godot-Game-Template/scenes/game/scripts/input_display_label.gd		Label	21		_get_inputs_as_string,_process
third_party/Godot-Game-Template/scenes/game/scripts/tutorial_manager.gd		Node	32		open_tutorials,_ready
third_party/Godot-Game-Template/scenes/loading_screen/loading_screen.gd		LoadingScreen	1		
third_party/Godot-Game-Template/scenes/loading_screen/loading_screen_with_shader_caching.gd		LoadingScreen	98		can_load_shader_cache,update_total_loading_progress,_set_scene_loading_complete,_show_all_draw_passes_once,_traverse_folders,_load_material,_ready
third_party/Godot-Game-Template/scenes/menus/level_select_menu/level_select_menu.gd		Control	33	level_selected	_ready,add_levels_to_container,_on_level_buttons_container_item_activated
third_party/Godot-Game-Template/scenes/menus/main_menu/main_menu.gd		MainMenu	50		load_game_scene,new_game,_add_level_select_if_set,_show_continue_if_set,_ready,_on_continue_game_button_pressed,_on_level_select_button_pressed,_on_new_game_confirmation_confirmed
third_party/Godot-Game-Template/scenes/menus/main_menu/main_menu_with_animations.gd		MainMenu	80		load_game_scene,new_game,intro_done,_is_in_intro,_event_skips_intro,_open_sub_menu,_close_sub_menu,_input,_show_level_select_if_set,_show_continue_if_set,_ready,_on_continue_game_button_pressed,_on_level_select_button_pressed,_on_new_game_confirmation_confirmed
third_party/Godot-Game-Template/scenes/menus/options_menu/audio/audio_input_option_control.gd		ListOptionControl	39		_set_input_device,_add_microphone_audio_stream,_ready,_on_setting_changed,_value_title_map
third_party/Godot-Game-Template/scenes/menus/options_menu/game/game_options_menu.gd		Control	4		_on_ResetGameControl_reset_confirmed
third_party/Godot-Game-Template/scenes/menus/options_menu/game/reset_game_control/reset_game_control.gd		HBoxContainer	25	reset_confirmed	_on_cancel_button_pressed,_on_reset_button_pressed,_on_confirm_button_pressed
third_party/Godot-Game-Template/scenes/menus/options_menu/master_options_menu_with_tabs.gd		res://addons/maaacks_game_template/base/nodes/menus/options_menu/paginated_tab_container.gd	21		_ready
third_party/Godot-Game-Template/scenes/menus/options_menu/mini_options_menu.gd		Control	64		_on_bus_changed,_add_audio_control,_add_audio_bus_controls,_preselect_resolution,_update_resolution_options_enabled,_update_ui,_ready,_on_mute_control_setting_changed,_on_fullscreen_control_setting_changed,_on_resolution_control_setting_changed
third_party/Godot-Game-Template/scenes/windows/game_won_window.gd		OverlaidWindow	26	continue_pressed,main_menu_pressed	_ready,_on_exit_button_pressed,_on_main_menu_button_pressed,_on_close_button_pressed,_on_main_menu_confirmation_confirmed,_on_exit_confirmation_confirmed
third_party/Godot-Game-Template/scenes/windows/level_lost_window.gd		OverlaidWindow	26	restart_pressed,main_menu_pressed	_ready,_on_exit_button_pressed,_on_main_menu_button_pressed,_on_close_button_pressed,_on_main_menu_confirmation_confirmed,_on_exit_confirmation_confirmed
third_party/Godot-Game-Template/scenes/windows/level_won_window.gd		OverlaidWindow	31	continue_pressed,main_menu_pressed,restart_pressed	_ready,_on_exit_button_pressed,_on_main_menu_button_pressed,_on_close_button_pressed,_on_main_menu_confirmation_confirmed,_on_restart_button_pressed,_on_exit_confirmation_confirmed
third_party/Godot-Game-Template/scenes/windows/main_menu_credits_window.gd		res://addons/maaacks_game_template/base/nodes/windows/overlaid_window_scene_container.gd	7		_ready
third_party/Godot-Game-Template/scenes/windows/pause_menu.gd		OverlaidWindow	102		get_main_menu_scene_path,close_window,_load_scene,_show_window,_load_and_show_menu,_handle_cancel_input,_refresh_exit_button,_refresh_options_button,_refresh_main_menu_button,_ready,_on_restart_button_pressed,_on_options_button_pressed,_on_main_menu_button_pressed,_on_exit_button_pressed,_on_restart_confirmation_confirmed,_on_restart_confirmation_closed,_on_main_menu_confirmation_confirmed,_on_exit_confirmation_confirmed
third_party/Godot-Game-Template/scenes/windows/pause_menu_layer.gd		CanvasLayer	13		_on_pause_menu_hidden,_on_visibility_changed,_ready
third_party/Godot-Game-Template/scripts/game_state.gd	GameState	Resource	79		get_level_state,has_game_state,get_or_create_state,get_current_level_path,get_checkpoint_level_path,get_levels_reached,set_checkpoint_level_path,set_current_level_path,start_game,continue_game,reset
third_party/Godot-Game-Template/scripts/level_and_state_manager.gd		LevelManager	15		set_current_level_path,set_checkpoint_level_path,get_checkpoint_level_path
third_party/Godot-Game-Template/scripts/level_state.gd	LevelState	Resource	5		
third_party/ShaderV/addons/shaderV/rgba/BCSAdjustment.gd	VisualShaderNodeRGBAadjustmentBCS	VisualShaderNodeCustom	67		_init,_get_name,_get_category,_get_description,_get_return_icon_type,_get_input_port_count,_get_input_port_name,_get_input_port_type,_get_output_port_count,_get_output_port_name,_get_output_port_type,_get_global_code,_get_code
third_party/ShaderV/addons/shaderV/rgba/blackNwhite.gd	VisualShaderNodeRGBAblackNwhite	VisualShaderNodeCustom	56		_init,_get_name,_get_category,_get_description,_get_return_icon_type,_get_input_port_count,_get_input_port_name,_get_input_port_type,_get_output_port_count,_get_output_port_name,_get_output_port_type,_get_global_code,_get_code
third_party/ShaderV/addons/shaderV/rgba/blendAwithB.gd	VisualShaderNodeRGBAblend	VisualShaderNodeCustom	85		_init,_get_name,_get_category,_get_description,_get_return_icon_type,_get_input_port_count,_get_input_port_name,_get_input_port_type,_get_output_port_count,_get_output_port_name,_get_output_port_type,_get_global_code,_get_code
third_party/ShaderV/addons/shaderV/rgba/bloom.gd	VisualShaderNodeRGBAbloom	VisualShaderNodeCustom	75		_init,_get_name,_get_category,_get_return_icon_type,_get_input_port_count,_get_input_port_name,_get_input_port_type,_get_output_port_count,_get_output_port_name,_get_output_port_type,_get_global_code,_get_code
third_party/ShaderV/addons/shaderV/rgba/blur/blur9sample.gd	VisualShaderNodeRGBAblur9sample	VisualShaderNodeCustom	89		_init,_get_name,_get_category,_get_subcategory,_get_description,_get_return_icon_type,_get_input_port_count,_get_input_port_name,_get_input_port_type,_get_output_port_count,_get_output_port_name,_get_output_port_type,_get_global_code,_get_code
third_party/ShaderV/addons/shaderV/rgba/blur/blurCustom.gd	VisualShaderNodeRGBAblurCustom	VisualShaderNodeCustom	94		_init,_get_name,_get_category,_get_subcategory,_get_description,_get_return_icon_type,_get_input_port_count,_get_input_port_name,_get_input_port_type,_get_output_port_count,_get_output_port_name,_get_output_port_type,_get_global_code,_get_code
third_party/ShaderV/addons/shaderV/rgba/blur/zoomBlur.gd	VisualShaderNodeRGBAzoomBlur	VisualShaderNodeCustom	99		_init,_get_name,_get_category,_get_subcategory,_get_description,_get_return_icon_type,_get_input_port_count,_get_input_port_name,_get_input_port_type,_get_output_port_count,_get_output_port_name,_get_output_port_type,_get_global_code,_get_code
third_party/ShaderV/addons/shaderV/rgba/chromaticAberration.gd	VisualShaderNodeRGBAchromaticAberration	VisualShaderNodeCustom	94		_init,_get_name,_get_category,_get_description,_get_return_icon_type,_get_input_port_count,_get_input_port_name,_get_input_port_type,_get_output_port_count,_get_output_port_name,_get_output_port_type,_get_global_code,_get_code
third_party/ShaderV/addons/shaderV/rgba/clamp.gd	VisualShaderNodeUVclampAlpha	VisualShaderNodeCustom	59		_get_name,_get_category,_get_description,_get_return_icon_type,_get_input_port_count,_get_input_port_name,_get_input_port_type,_get_output_port_count,_get_output_port_name,_get_output_port_type,_get_global_code,_get_code
third_party/ShaderV/addons/shaderV/rgba/colorCorrectionAdjustment.gd	VisualShaderNodeRGBAcolorCorrectionAdjustment	VisualShaderNodeCustom	54		_get_name,_get_category,_get_description,_get_return_icon_type,_get_input_port_count,_get_input_port_name,_get_input_port_type,_get_output_port_count,_get_output_port_name,_get_output_port_type,_get_global_code,_get_code
third_party/ShaderV/addons/shaderV/rgba/emboss.gd	VisualShaderNodeRGBAemboss	VisualShaderNodeCustom	94		_init,_get_name,_get_category,_get_description,_get_return_icon_type,_get_input_port_count,_get_input_port_name,_get_input_port_type,_get_output_port_count,_get_output_port_name,_get_output_port_type,_get_global_code,_get_code
third_party/ShaderV/addons/shaderV/rgba/fireFX.gd	VisualShaderNodeRGBAfireFX	VisualShaderNodeCustom	132		_init,_get_name,_get_category,_get_description,_get_return_icon_type,_get_input_port_count,_get_input_port_name,_get_input_port_type,_get_output_port_count,_get_output_port_name,_get_output_port_type,_get_global_code,_get_code
third_party/ShaderV/addons/shaderV/rgba/generate_shapes/chekerboardPattern.gd	VisualShaderNodeRGBAcreateCheckerboard	VisualShaderNodeCustom	84		_init,_get_name,_get_category,_get_subcategory,_get_description,_get_return_icon_type,_get_input_port_count,_get_input_port_name,_get_input_port_type,_get_output_port_count,_get_output_port_name,_get_output_port_type,_get_global_code,_get_code
third_party/ShaderV/addons/shaderV/rgba/generate_shapes/generateCircle.gd	VisualShaderNodeRGBAcreateCircle	VisualShaderNodeCustom	103		_init,_get_name,_get_category,_get_subcategory,_get_description,_get_return_icon_type,_get_input_port_count,_get_input_port_name,_get_input_port_type,_get_output_port_count,_get_output_port_name,_get_output_port_type,_get_global_code,_get_code
third_party/ShaderV/addons/shaderV/rgba/generate_shapes/generateCircle2.gd	VisualShaderNodeRGBAcreateCircle2	VisualShaderNodeCustom	107		_init,_get_name,_get_category,_get_subcategory,_get_description,_get_return_icon_type,_get_input_port_count,_get_input_port_name,_get_input_port_type,_get_output_port_count,_get_output_port_name,_get_output_port_type,_get_global_code,_get_code
third_party/ShaderV/addons/shaderV/rgba/generate_shapes/generateRegularNgon.gd	VisualShaderNodeRGBAcreateRegularPolygon	VisualShaderNodeCustom	104		_init,_get_name,_get_category,_get_subcategory,_get_description,_get_return_icon_type,_get_input_port_count,_get_input_port_name,_get_input_port_type,_get_output_port_count,_get_output_port_name,_get_output_port_type,_get_global_code,_get_code
third_party/ShaderV/addons/shaderV/rgba/generate_shapes/generateSpiral.gd	VisualShaderNodeRGBAcreateSpiral	VisualShaderNodeCustom	112		_init,_get_name,_get_category,_get_subcategory,_get_description,_get_return_icon_type,_get_input_port_count,_get_input_port_name,_get_input_port_type,_get_output_port_count,_get_output_port_name,_get_output_port_type,_get_global_code,_get_code
third_party/ShaderV/addons/shaderV/rgba/generate_shapes/gridShape.gd	VisualShaderNodeRGBAgridShape	VisualShaderNodeCustom	107		_init,_get_name,_get_category,_get_subcategory,_get_description,_get_return_icon_type,_get_input_port_count,_get_input_port_name,_get_input_port_type,_get_output_port_count,_get_output_port_name,_get_output_port_type,_get_global_code,_get_code
third_party/ShaderV/addons/shaderV/rgba/generate_shapes/scanLinesSharp.gd	VisualShaderNodeRGBAscanLinesSharp	VisualShaderNodeCustom	99		_init,_get_name,_get_category,_get_subcategory,_get_description,_get_return_icon_type,_get_input_port_count,_get_input_port_name,_get_input_port_type,_get_output_port_count,_get_output_port_name,_get_output_port_type,_get_global_code,_get_code
third_party/ShaderV/addons/shaderV/rgba/generate_shapes/stripesRandom.gd	VisualShaderNodeRGBAcreateStripesRandom	VisualShaderNodeCustom	88		_init,_get_name,_get_category,_get_subcategory,_get_description,_get_return_icon_type,_get_input_port_count,_get_input_port_name,_get_input_port_type,_get_output_port_count,_get_output_port_name,_get_output_port_type,_get_global_code,_get_code
third_party/ShaderV/addons/shaderV/rgba/glow/glowEmpty.gd	VisualShaderNodeRGBAglowEmpty	VisualShaderNodeCustom	109		_init,_get_name,_get_category,_get_subcategory,_get_description,_get_return_icon_type,_get_input_port_count,_get_input_port_name,_get_input_port_type,_get_output_port_count,_get_output_port_name,_get_output_port_type,_get_global_code,_get_code
third_party/ShaderV/addons/shaderV/rgba/glow/innerGlow.gd	VisualShaderNodeRGBAinnerGlow	VisualShaderNodeCustom	103		_init,_get_name,_get_category,_get_subcategory,_get_description,_get_return_icon_type,_get_input_port_count,_get_input_port_name,_get_input_port_type,_get_output_port_count,_get_output_port_name,_get_output_port_type,_get_global_code,_get_code
third_party/ShaderV/addons/shaderV/rgba/glow/innerGlowEmpty.gd	VisualShaderNodeRGBAinnerGlowEmpty	VisualShaderNodeCustom	103		_init,_get_name,_get_category,_get_subcategory,_get_description,_get_return_icon_type,_get_input_port_count,_get_input_port_name,_get_input_port_type,_get_output_port_count,_get_output_port_name,_get_output_port_type,_get_global_code,_get_code
third_party/ShaderV/addons/shaderV/rgba/glow/outerGlow.gd	VisualShaderNodeRGBAouterGlow	VisualShaderNodeCustom	103		_init,_get_name,_get_category,_get_subcategory,_get_description,_get_return_icon_type,_get_input_port_count,_get_input_port_name,_get_input_port_type,_get_output_port_count,_get_output_port_name,_get_output_port_type,_get_global_code,_get_code
third_party/ShaderV/addons/shaderV/rgba/glow/outerGlowEmpty.gd	VisualShaderNodeRGBAouterGlowEmpty	VisualShaderNodeCustom	103		_init,_get_name,_get_category,_get_subcategory,_get_description,_get_return_icon_type,_get_input_port_count,_get_input_port_name,_get_input_port_type,_get_output_port_count,_get_output_port_name,_get_output_port_type,_get_global_code,_get_code
third_party/ShaderV/addons/shaderV/rgba/gradient4corners.gd	VisualShaderNodeRGBAgradient4corners	VisualShaderNodeCustom	112		_init,_get_name,_get_category,_get_description,_get_return_icon_type,_get_input_port_count,_get_input_port_name,_get_input_port_type,_get_output_port_count,_get_output_port_name,_get_output_port_type,_get_global_code,_get_code
third_party/ShaderV/addons/shaderV/rgba/gradientMapping.gd	VisualShaderNodeRGBAgradientMapping	VisualShaderNodeCustom	86		_init,_get_name,_get_category,_get_description,_get_return_icon_type,_get_input_port_count,_get_input_port_name,_get_input_port_type,_get_output_port_count,_get_output_port_name,_get_output_port_type,_get_global_code,_get_code
third_party/ShaderV/addons/shaderV/rgba/grayscale.gd	VisualShaderNodeRGBAgrayscale	VisualShaderNodeCustom	56		_init,_get_name,_get_category,_get_description,_get_return_icon_type,_get_input_port_count,_get_input_port_name,_get_input_port_type,_get_output_port_count,_get_output_port_name,_get_output_port_type,_get_global_code,_get_code
third_party/ShaderV/addons/shaderV/rgba/hue.gd	VisualShaderNodeRGBAhue	VisualShaderNodeCustom	49		_get_name,_get_category,_get_description,_get_return_icon_type,_get_input_port_count,_get_input_port_name,_get_input_port_type,_get_output_port_count,_get_output_port_name,_get_output_port_type,_get_global_code,_get_code
third_party/ShaderV/addons/shaderV/rgba/inverseColor.gd	VisualShaderNodeRGBAinverseColor	VisualShaderNodeCustom	72		_init,_get_name,_get_category,_get_description,_get_return_icon_type,_get_input_port_count,_get_input_port_name,_get_input_port_type,_get_output_port_count,_get_output_port_name,_get_output_port_type,_get_global_code,_get_code
third_party/ShaderV/addons/shaderV/rgba/maskAlpha.gd	VisualShaderNodeRGBAmaskAlpha	VisualShaderNodeCustom	74		_init,_get_name,_get_category,_get_description,_get_return_icon_type,_get_input_port_count,_get_input_port_name,_get_input_port_type,_get_output_port_count,_get_output_port_name,_get_output_port_type,_get_global_code,_get_code
third_party/ShaderV/addons/shaderV/rgba/noise/fractal/generic2d_fractal.gd	VisualShaderNodeNoiseGeneric2dFractal	VisualShaderNodeCustom	93		_init,_get_name,_get_category,_get_subcategory,_get_description,_get_return_icon_type,_get_input_port_count,_get_input_port_name,_get_input_port_type,_get_output_port_count,_get_output_port_name,_get_output_port_type,_get_global_code,_get_code
third_party/ShaderV/addons/shaderV/rgba/noise/fractal/perlin2d_fractal.gd	VisualShaderNodeNoisePerlin2dFractal	VisualShaderNodeCustom	93		_init,_get_name,_get_category,_get_subcategory,_get_description,_get_return_icon_type,_get_input_port_count,_get_input_port_name,_get_input_port_type,_get_output_port_count,_get_output_port_name,_get_output_port_type,_get_global_code,_get_code
third_party/ShaderV/addons/shaderV/rgba/noise/fractal/perlin3d_fractal.gd	VisualShaderNodeNoisePerlin3dFractal	VisualShaderNodeCustom	98		_init,_get_name,_get_category,_get_subcategory,_get_description,_get_return_icon_type,_get_input_port_count,_get_input_port_name,_get_input_port_type,_get_output_port_count,_get_output_port_name,_get_output_port_type,_get_global_code,_get_code
third_party/ShaderV/addons/shaderV/rgba/noise/fractal/perlin4d_fractal.gd	VisualShaderNodeNoisePerlin4dFractal	VisualShaderNodeCustom	103		_init,_get_name,_get_category,_get_subcategory,_get_description,_get_return_icon_type,_get_input_port_count,_get_input_port_name,_get_input_port_type,_get_output_port_count,_get_output_port_name,_get_output_port_type,_get_global_code,_get_code
third_party/ShaderV/addons/shaderV/rgba/noise/fractal/simplex2d_fractal.gd	VisualShaderNodeNoiseSimplex2dFractal	VisualShaderNodeCustom	93		_init,_get_name,_get_category,_get_subcategory,_get_description,_get_return_icon_type,_get_input_port_count,_get_input_port_name,_get_input_port_type,_get_output_port_count,_get_output_port_name,_get_output_port_type,_get_global_code,_get_code
third_party/ShaderV/addons/shaderV/rgba/noise/fractal/simplex3d_fractal.gd	VisualShaderNodeNoiseSimplex3dFractal	VisualShaderNodeCustom	98		_init,_get_name,_get_category,_get_subcategory,_get_description,_get_return_icon_type,_get_input_port_count,_get_input_port_name,_get_input_port_type,_get_output_port_count,_get_output_port_name,_get_output_port_type,_get_global_code,_get_code
third_party/ShaderV/addons/shaderV/rgba/noise/fractal/simplex4d_fractal.gd	VisualShaderNodeNoiseSimplex4dFractal	VisualShaderNodeCustom	103		_init,_get_name,_get_category,_get_subcategory,_get_description,_get_return_icon_type,_get_input_port_count,_get_input_port_name,_get_input_port_type,_get_output_port_count,_get_output_port_name,_get_output_port_type,_get_global_code,_get_code
third_party/ShaderV/addons/shaderV/rgba/noise/fractal/worley2d_fractal.gd	VisualShaderNodeNoiseWorley2dFractal	VisualShaderNodeCustom	103		_init,_get_name,_get_category,_get_subcategory,_get_description,_get_return_icon_type,_get_input_port_count,_get_input_port_name,_get_input_port_type,_get_output_port_count,_get_output_port_name,_get_output_port_type,_get_global_code,_get_code
third_party/ShaderV/addons/shaderV/rgba/noise/fractal/worley3d_fractal.gd	VisualShaderNodeNoiseWorley3dFractal	VisualShaderNodeCustom	108		_init,_get_name,_get_category,_get_subcategory,_get_description,_get_return_icon_type,_get_input_port_count,_get_input_port_name,_get_input_port_type,_get_output_port_count,_get_output_port_name,_get_output_port_type,_get_global_code,_get_code
third_party/ShaderV/addons/shaderV/rgba/noise/generic2d.gd	VisualShaderNodeNoiseGeneric2d	VisualShaderNodeCustom	67		_init,_get_name,_get_category,_get_subcategory,_get_description,_get_return_icon_type,_get_input_port_count,_get_input_port_name,_get_input_port_type,_get_output_port_count,_get_output_port_name,_get_output_port_type,_get_global_code,_get_code
third_party/ShaderV/addons/shaderV/rgba/noise/perlin2d.gd	VisualShaderNodeNoisePerlin2d	VisualShaderNodeCustom	79		_init,_get_name,_get_category,_get_subcategory,_get_description,_get_return_icon_type,_get_input_port_count,_get_input_port_name,_get_input_port_type,_get_output_port_count,_get_output_port_name,_get_output_port_type,_get_global_code,_get_code
third_party/ShaderV/addons/shaderV/rgba/noise/perlin3d.gd	VisualShaderNodeNoisePerlin3d	VisualShaderNodeCustom	78		_init,_get_name,_get_category,_get_subcategory,_get_description,_get_return_icon_type,_get_input_port_count,_get_input_port_name,_get_input_port_type,_get_output_port_count,_get_output_port_name,_get_output_port_type,_get_global_code,_get_code
third_party/ShaderV/addons/shaderV/rgba/noise/perlin4d.gd	VisualShaderNodeNoisePerlin4d	VisualShaderNodeCustom	83		_init,_get_name,_get_category,_get_subcategory,_get_description,_get_return_icon_type,_get_input_port_count,_get_input_port_name,_get_input_port_type,_get_output_port_count,_get_output_port_name,_get_output_port_type,_get_global_code,_get_code
third_party/ShaderV/addons/shaderV/rgba/noise/perlinPeriodic3d.gd	VisualShaderNodeNoisePerlinPeriodic3d	VisualShaderNodeCustom	83		_init,_get_name,_get_category,_get_subcategory,_get_description,_get_return_icon_type,_get_input_port_count,_get_input_port_name,_get_input_port_type,_get_output_port_count,_get_output_port_name,_get_output_port_type,_get_global_code,_get_code
third_party/ShaderV/addons/shaderV/rgba/noise/simplex2d.gd	VisualShaderNodeNoiseSimplex2d	VisualShaderNodeCustom	73		_init,_get_name,_get_category,_get_subcategory,_get_description,_get_return_icon_type,_get_input_port_count,_get_input_port_name,_get_input_port_type,_get_output_port_count,_get_output_port_name,_get_output_port_type,_get_global_code,_get_code
third_party/ShaderV/addons/shaderV/rgba/noise/simplex3d.gd	VisualShaderNodeNoiseSimplex3d	VisualShaderNodeCustom	78		_init,_get_name,_get_category,_get_subcategory,_get_description,_get_return_icon_type,_get_input_port_count,_get_input_port_name,_get_input_port_type,_get_output_port_count,_get_output_port_name,_get_output_port_type,_get_global_code,_get_code
third_party/ShaderV/addons/shaderV/rgba/noise/simplex4d.gd	VisualShaderNodeNoiseSimplex4d	VisualShaderNodeCustom	83		_init,_get_name,_get_category,_get_subcategory,_get_description,_get_return_icon_type,_get_input_port_count,_get_input_port_name,_get_input_port_type,_get_output_port_count,_get_output_port_name,_get_output_port_type,_get_global_code,_get_code
third_party/ShaderV/addons/shaderV/rgba/noise/worley2d.gd	VisualShaderNodeNoiseWorley2d	VisualShaderNodeCustom	86		_init,_get_name,_get_category,_get_subcategory,_get_description,_get_return_icon_type,_get_input_port_count,_get_input_port_name,_get_input_port_type,_get_output_port_count,_get_output_port_name,_get_output_port_type,_get_global_code,_get_code
third_party/ShaderV/addons/shaderV/rgba/noise/worley2x2.gd	VisualShaderNodeNoiseWorley2x2	VisualShaderNodeCustom	72		_init,_get_name,_get_category,_get_subcategory,_get_description,_get_return_icon_type,_get_input_port_count,_get_input_port_name,_get_input_port_type,_get_output_port_count,_get_output_port_name,_get_output_port_type,_get_global_code,_get_code
third_party/ShaderV/addons/shaderV/rgba/noise/worley2x2x2.gd	VisualShaderNodeNoiseWorley2x2x2	VisualShaderNodeCustom	77		_init,_get_name,_get_category,_get_subcategory,_get_description,_get_return_icon_type,_get_input_port_count,_get_input_port_name,_get_input_port_type,_get_output_port_count,_get_output_port_name,_get_output_port_type,_get_global_code,_get_code
third_party/ShaderV/addons/shaderV/rgba/noise/worley3d.gd	VisualShaderNodeNoiseWorley3d	VisualShaderNodeCustom	91		_init,_get_name,_get_category,_get_subcategory,_get_description,_get_return_icon_type,_get_input_port_count,_get_input_port_name,_get_input_port_type,_get_output_port_count,_get_output_port_name,_get_output_port_type,_get_global_code,_get_code
third_party/ShaderV/addons/shaderV/rgba/normalFromHeightmap.gd	VisualShaderNodeRGBAnormalFromHeightmap	VisualShaderNodeCustom	92		_init,_get_name,_get_category,_get_description,_get_return_icon_type,_get_input_port_count,_get_input_port_name,_get_input_port_type,_get_output_port_count,_get_output_port_name,_get_output_port_type,_get_global_code,_get_code
third_party/ShaderV/addons/shaderV/rgba/posterize.gd	VisualShaderNodeRGBAposterize	VisualShaderNodeCustom	56		_init,_get_name,_get_category,_get_description,_get_return_icon_type,_get_input_port_count,_get_input_port_name,_get_input_port_type,_get_output_port_count,_get_output_port_name,_get_output_port_type,_get_global_code,_get_code
third_party/ShaderV/addons/shaderV/rgba/shiftHSV.gd	VisualShaderNodeRGBAshiftHSV	VisualShaderNodeCustom	69		_init,_get_name,_get_category,_get_description,_get_return_icon_type,_get_input_port_count,_get_input_port_name,_get_input_port_type,_get_output_port_count,_get_output_port_name,_get_output_port_type,_get_global_code,_get_code
third_party/ShaderV/addons/shaderV/rgba/shineFX.gd	VisualShaderNodeRGBAshineFX	VisualShaderNodeCustom	113		_init,_get_name,_get_category,_get_description,_get_return_icon_type,_get_input_port_count,_get_input_port_name,_get_input_port_type,_get_output_port_count,_get_output_port_name,_get_output_port_type,_get_global_code,_get_code
third_party/ShaderV/addons/shaderV/rgba/sobelEdge.gd	VisualShaderNodeRGBAsobelEdge	VisualShaderNodeCustom	86		_init,_get_name,_get_category,_get_description,_get_return_icon_type,_get_input_port_count,_get_input_port_name,_get_input_port_type,_get_output_port_count,_get_output_port_name,_get_output_port_type,_get_global_code,_get_code
third_party/ShaderV/addons/shaderV/rgba/tintRGBA.gd	VisualShaderNodeRGBAtintRGBA	VisualShaderNodeCustom	74		_init,_get_name,_get_category,_get_description,_get_return_icon_type,_get_input_port_count,_get_input_port_name,_get_input_port_type,_get_output_port_count,_get_output_port_name,_get_output_port_type,_get_code
third_party/ShaderV/addons/shaderV/rgba/tonemap.gd	VisualShaderNodeRGBAtonemap	VisualShaderNodeCustom	62		_init,_get_name,_get_category,_get_return_icon_type,_get_input_port_count,_get_input_port_name,_get_input_port_type,_get_output_port_count,_get_output_port_name,_get_output_port_type,_get_global_code,_get_code
third_party/ShaderV/addons/shaderV/rgba/turnCGA4Palette.gd	VisualShaderNodeRGBAturnCGA4Palette	VisualShaderNodeCustom	56		_init,_get_name,_get_category,_get_description,_get_return_icon_type,_get_input_port_count,_get_input_port_name,_get_input_port_type,_get_output_port_count,_get_output_port_name,_get_output_port_type,_get_global_code,_get_code
third_party/ShaderV/addons/shaderV/rgba/turnGBPalette.gd	VisualShaderNodeRGBAturnGameBoyPalette	VisualShaderNodeCustom	56		_init,_get_name,_get_category,_get_description,_get_return_icon_type,_get_input_port_count,_get_input_port_name,_get_input_port_type,_get_output_port_count,_get_output_port_name,_get_output_port_type,_get_global_code,_get_code
third_party/ShaderV/addons/shaderV/tools/TimeScaled.gd	VisualShaderToolsTIMEscaled	VisualShaderNodeCustom	42		_init,_get_name,_get_category,_get_description,_get_return_icon_type,_get_input_port_count,_get_input_port_name,_get_input_port_type,_get_output_port_count,_get_output_port_name,_get_output_port_type,_get_code
third_party/ShaderV/addons/shaderV/tools/random/hash1d.gd	VisualShaderToolsHash	VisualShaderNodeCustom	39		_get_name,_get_category,_get_subcategory,_get_description,_get_return_icon_type,_get_input_port_count,_get_input_port_name,_get_input_port_type,_get_output_port_count,_get_output_port_name,_get_output_port_type,_get_code
third_party/ShaderV/addons/shaderV/tools/random/hash2d.gd	VisualShaderToolsHash2D	VisualShaderNodeCustom	40		_get_name,_get_category,_get_subcategory,_get_description,_get_return_icon_type,_get_input_port_count,_get_input_port_name,_get_input_port_type,_get_output_port_count,_get_output_port_name,_get_output_port_type,_get_code
third_party/ShaderV/addons/shaderV/tools/random/hash2dvector.gd	VisualShaderToolsHash2Dvec	VisualShaderNodeCustom	43		_get_name,_get_category,_get_subcategory,_get_description,_get_return_icon_type,_get_input_port_count,_get_input_port_name,_get_input_port_type,_get_output_port_count,_get_output_port_name,_get_output_port_type,_get_global_code,_get_code
third_party/ShaderV/addons/shaderV/tools/random/randomFloat.gd	VisualShaderToolsRandomFloat	VisualShaderNodeCustom	47		_init,_get_name,_get_category,_get_subcategory,_get_description,_get_return_icon_type,_get_input_port_count,_get_input_port_name,_get_input_port_type,_get_output_port_count,_get_output_port_name,_get_output_port_type,_get_code
third_party/ShaderV/addons/shaderV/tools/random/randomFloat4D.gd	VisualShaderToolsRandomFloat4D	VisualShaderNodeCustom	70		_init,_get_name,_get_category,_get_subcategory,_get_description,_get_return_icon_type,_get_input_port_count,_get_input_port_name,_get_input_port_type,_get_output_port_count,_get_output_port_name,_get_output_port_type,_get_global_code,_get_code
third_party/ShaderV/addons/shaderV/tools/random/randomFloatImproved.gd	VisualShaderToolsRandomFloatImproved	VisualShaderNodeCustom	67		_init,_get_name,_get_category,_get_subcategory,_get_description,_get_return_icon_type,_get_input_port_count,_get_input_port_name,_get_input_port_type,_get_output_port_count,_get_output_port_name,_get_output_port_type,_get_global_code,_get_code
third_party/ShaderV/addons/shaderV/tools/random/randomGoldNoiseFloat.gd	VisualShaderToolsRandomFloatGoldenRation	VisualShaderNodeCustom	63		_init,_get_name,_get_category,_get_subcategory,_get_description,_get_return_icon_type,_get_input_port_count,_get_input_port_name,_get_input_port_type,_get_output_port_count,_get_output_port_name,_get_output_port_type,_get_global_code,_get_code
third_party/ShaderV/addons/shaderV/tools/relay.gd	VisualShaderToolsRelay	VisualShaderNodeCustom	41		_get_name,_get_category,_get_description,_get_return_icon_type,_get_input_port_count,_get_input_port_name,_get_input_port_type,_get_output_port_count,_get_output_port_name,_get_output_port_type,_get_code
third_party/ShaderV/addons/shaderV/tools/remap.gd	VisualShaderToolsRemap	VisualShaderNodeCustom	78		_init,_get_name,_get_category,_get_description,_get_return_icon_type,_get_input_port_count,_get_input_port_name,_get_input_port_type,_get_output_port_count,_get_output_port_name,_get_output_port_type,_get_global_code,_get_code
third_party/ShaderV/addons/shaderV/tools/sinTime.gd	VisualShaderToolsSinTIME	VisualShaderNodeCustom	53		_init,_get_name,_get_category,_get_description,_get_return_icon_type,_get_input_port_count,_get_input_port_name,_get_input_port_type,_get_output_port_count,_get_output_port_name,_get_output_port_type,_get_code
third_party/ShaderV/addons/shaderV/tools/transformCoordinates/cartesianToPolar.gd	VisualShaderToolsCartesianToPolar	VisualShaderNodeCustom	53		_init,_get_name,_get_category,_get_subcategory,_get_description,_get_return_icon_type,_get_input_port_count,_get_input_port_name,_get_input_port_type,_get_output_port_count,_get_output_port_name,_get_output_port_type,_get_global_code,_get_code
third_party/ShaderV/addons/shaderV/tools/transformCoordinates/cartesianToSpherical.gd	VisualShaderToolsCartesianToSpherical	VisualShaderNodeCustom	53		_init,_get_name,_get_category,_get_subcategory,_get_description,_get_return_icon_type,_get_input_port_count,_get_input_port_name,_get_input_port_type,_get_output_port_count,_get_output_port_name,_get_output_port_type,_get_global_code,_get_code
third_party/ShaderV/addons/shaderV/tools/transformCoordinates/polarToCartesian.gd	VisualShaderToolsPolarToCartesian	VisualShaderNodeCustom	48		_init,_get_name,_get_category,_get_subcategory,_get_description,_get_return_icon_type,_get_input_port_count,_get_input_port_name,_get_input_port_type,_get_output_port_count,_get_output_port_name,_get_output_port_type,_get_global_code,_get_code
third_party/ShaderV/addons/shaderV/tools/transformCoordinates/sphericalToCartesian.gd	VisualShaderToolsSphericalToCartesian	VisualShaderNodeCustom	48		_init,_get_name,_get_category,_get_subcategory,_get_description,_get_return_icon_type,_get_input_port_count,_get_input_port_name,_get_input_port_type,_get_output_port_count,_get_output_port_name,_get_output_port_type,_get_global_code,_get_code
third_party/ShaderV/addons/shaderV/tools/vec2Compose.gd	VisualShaderToolsvec2Compose	VisualShaderNodeCustom	57		_init,_get_name,_get_category,_get_description,_get_return_icon_type,_get_input_port_count,_get_input_port_name,_get_input_port_type,_get_output_port_count,_get_output_port_name,_get_output_port_type,_get_global_code,_get_code
third_party/ShaderV/addons/shaderV/uv/animated/distortionUVAnimated.gd	VisualShaderNodeUVdistortionAnimated	VisualShaderNodeCustom	87		_init,_get_name,_get_category,_get_subcategory,_get_description,_get_return_icon_type,_get_input_port_count,_get_input_port_name,_get_input_port_type,_get_output_port_count,_get_output_port_name,_get_output_port_type,_get_global_code,_get_code
third_party/ShaderV/addons/shaderV/uv/animated/doodleUV.gd	VisualShaderNodeUVdoodle	VisualShaderNodeCustom	82		_init,_get_name,_get_category,_get_subcategory,_get_description,_get_return_icon_type,_get_input_port_count,_get_input_port_name,_get_input_port_type,_get_output_port_count,_get_output_port_name,_get_output_port_type,_get_global_code,_get_code
third_party/ShaderV/addons/shaderV/uv/animated/rotateAnimated.gd	VisualShaderNodeUVrotateAnimated	VisualShaderNodeCustom	71		_init,_get_name,_get_category,_get_subcategory,_get_description,_get_return_icon_type,_get_input_port_count,_get_input_port_name,_get_input_port_type,_get_output_port_count,_get_output_port_name,_get_output_port_type,_get_global_code,_get_code
third_party/ShaderV/addons/shaderV/uv/animated/swirlUV.gd	VisualShaderNodeUVswirl	VisualShaderNodeCustom	72		_init,_get_name,_get_category,_get_subcategory,_get_description,_get_return_icon_type,_get_input_port_count,_get_input_port_name,_get_input_port_type,_get_output_port_count,_get_output_port_name,_get_output_port_type,_get_global_code,_get_code
third_party/ShaderV/addons/shaderV/uv/animated/tilingNoffsetAnimated.gd	VisualShaderNodeUVtilingNoffsetAnimated	VisualShaderNodeCustom	67		_init,_get_name,_get_category,_get_description,_get_return_icon_type,_get_input_port_count,_get_input_port_name,_get_input_port_type,_get_output_port_count,_get_output_port_name,_get_output_port_type,_get_global_code,_get_code
third_party/ShaderV/addons/shaderV/uv/distortionUV.gd	VisualShaderNodeUVdistortion	VisualShaderNodeCustom	77		_init,_get_name,_get_category,_get_description,_get_return_icon_type,_get_input_port_count,_get_input_port_name,_get_input_port_type,_get_output_port_count,_get_output_port_name,_get_output_port_type,_get_global_code,_get_code
third_party/ShaderV/addons/shaderV/uv/flipUV.gd	VisualShaderNodeUVflip	VisualShaderNodeCustom	67		_init,_get_name,_get_category,_get_description,_get_return_icon_type,_get_input_port_count,_get_input_port_name,_get_input_port_type,_get_output_port_count,_get_output_port_name,_get_output_port_type,_get_global_code,_get_code
third_party/ShaderV/addons/shaderV/uv/lensDistortion.gd	VisualShaderNodeUVlensDistortion	VisualShaderNodeCustom	63		_init,_get_name,_get_category,_get_description,_get_return_icon_type,_get_input_port_count,_get_input_port_name,_get_input_port_type,_get_output_port_count,_get_output_port_name,_get_output_port_type,_get_global_code,_get_code
third_party/ShaderV/addons/shaderV/uv/pixelate.gd	VisualShaderNodeUVpixelate	VisualShaderNodeCustom	62		_init,_get_name,_get_category,_get_description,_get_return_icon_type,_get_input_port_count,_get_input_port_name,_get_input_port_type,_get_output_port_count,_get_output_port_name,_get_output_port_type,_get_global_code,_get_code
third_party/ShaderV/addons/shaderV/uv/rotate.gd	VisualShaderNodeUVrotate	VisualShaderNodeCustom	66		_init,_get_name,_get_category,_get_description,_get_return_icon_type,_get_input_port_count,_get_input_port_name,_get_input_port_type,_get_output_port_count,_get_output_port_name,_get_output_port_type,_get_global_code,_get_code
third_party/ShaderV/addons/shaderV/uv/scaleUV.gd	VisualShaderNodeUVscale	VisualShaderNodeCustom	68		_init,_get_name,_get_category,_get_description,_get_return_icon_type,_get_input_port_count,_get_input_port_name,_get_input_port_type,_get_output_port_count,_get_output_port_name,_get_output_port_type,_get_global_code,_get_code
third_party/ShaderV/addons/shaderV/uv/sphericalUV.gd	VisualShaderNodeUVspherical	VisualShaderNodeCustom	77		_init,_get_name,_get_category,_get_description,_get_return_icon_type,_get_input_port_count,_get_input_port_name,_get_input_port_type,_get_output_port_count,_get_output_port_name,_get_output_port_type,_get_global_code,_get_code
third_party/ShaderV/addons/shaderV/uv/tileUV.gd	VisualShaderNodeUVtile	VisualShaderNodeCustom	76		_init,_get_name,_get_category,_get_description,_get_return_icon_type,_get_input_port_count,_get_input_port_name,_get_input_port_type,_get_output_port_count,_get_output_port_name,_get_output_port_type,_get_global_code,_get_code
third_party/ShaderV/addons/shaderV/uv/tilingNoffset.gd	VisualShaderNodeUVtilingNoffset	VisualShaderNodeCustom	61		_init,_get_name,_get_category,_get_description,_get_return_icon_type,_get_input_port_count,_get_input_port_name,_get_input_port_type,_get_output_port_count,_get_output_port_name,_get_output_port_type,_get_global_code,_get_code
third_party/ShaderV/addons/shaderV/uv/transformUV.gd	VisualShaderNodeUVtransform	VisualShaderNodeCustom	82		_init,_get_name,_get_category,_get_description,_get_return_icon_type,_get_input_port_count,_get_input_port_name,_get_input_port_type,_get_output_port_count,_get_output_port_name,_get_output_port_type,_get_global_code,_get_code
third_party/ShaderV/addons/shaderV/uv/twirl.gd	VisualShaderNodeUVtwirl	VisualShaderNodeCustom	66		_init,_get_name,_get_category,_get_description,_get_return_icon_type,_get_input_port_count,_get_input_port_name,_get_input_port_type,_get_output_port_count,_get_output_port_name,_get_output_port_type,_get_global_code,_get_code
third_party/Starter-Kit-3D-Platformer/objects/brick.gd		StaticBody3D	32		_ready,_on_bottom_hit,explode
third_party/Starter-Kit-3D-Platformer/objects/cloud.gd		Node3D	19		_ready,_process
third_party/Starter-Kit-3D-Platformer/objects/coin.gd		Area3D	27		_on_body_entered,_process
third_party/Starter-Kit-3D-Platformer/objects/platform_falling.gd		Node3D	23		_physics_process,_on_body_entered
third_party/Starter-Kit-3D-Platformer/scripts/audio.gd		Node	36		_ready,_on_stream_finished,play,_process
third_party/Starter-Kit-3D-Platformer/scripts/hud.gd		Control	5		_on_coin_collected
third_party/Starter-Kit-3D-Platformer/scripts/main.gd		Node3D	11		_ready
third_party/Starter-Kit-3D-Platformer/scripts/player.gd		CharacterBody3D	163	coin_collected	_physics_process,handle_effects,handle_controls,handle_gravity,jump,collect_coin
third_party/Starter-Kit-3D-Platformer/scripts/view.gd		Node3D	53		_ready,_physics_process,handle_input
third_party/Starter-Kit-City-Builder/scripts/audio.gd		Node	42		_ready,_on_stream_finished,play,_process
third_party/Starter-Kit-City-Builder/scripts/builder.gd		Node3D	181		_ready,_process,get_mesh,action_build,action_demolish,action_rotate,action_structure_toggle,update_structure,update_cash,action_save,action_load,action_load_resources
third_party/Starter-Kit-City-Builder/scripts/data_map.gd	DataMap	Resource	5		
third_party/Starter-Kit-City-Builder/scripts/data_structure.gd	DataStructure	Resource	6		
third_party/Starter-Kit-City-Builder/scripts/structure.gd	Structure	Resource	8		
third_party/Starter-Kit-City-Builder/scripts/view.gd		Node3D	63		_ready,_process,handle_input,_input
third_party/Starter-Kit-FPS/objects/cloud.gd		Node3D	19		_ready,_process
third_party/Starter-Kit-FPS/objects/enemy.gd		Node3D	68		_ready,_process,damage,destroy,_on_timer_timeout
third_party/Starter-Kit-FPS/objects/impact.gd		AnimatedSprite3D	7		_on_animation_finished
third_party/Starter-Kit-FPS/objects/player.gd		CharacterBody3D	285	health_updated	_ready,_process,_input,handle_controls,handle_rotation,handle_gravity,action_jump,action_shoot,action_weapon_toggle,initiate_change_weapon,change_weapon,damage,random_vec2
third_party/Starter-Kit-FPS/scripts/audio.gd		Node	35		_ready,_on_stream_finished,play,_process
third_party/Starter-Kit-FPS/scripts/hud.gd		CanvasLayer	5		_on_health_updated
third_party/Starter-Kit-FPS/scripts/weapon.gd	Weapon	Resource	25		
third_party/Terrain3D/project/addons/terrain_3d/extras/3rd_party/import_sgt.gd		Terrain3D	42		clear_multimeshes,import_sgt
third_party/Terrain3D/project/addons/terrain_3d/extras/3rd_party/project_on_terrain3d.gd			137		
third_party/Terrain3D/project/addons/terrain_3d/extras/particle_example/terrain_3D_particles.gd		Node3D	238		_ready,_notification,_physics_process,_create_grid,_set_offsets,_destroy_grid,_position_grid,_update_process_parameters
third_party/Terrain3D/project/addons/terrain_3d/menu/bake_lod_dialog.gd		ConfirmationDialog	30		_ready,_on_about_to_popup,_on_visibility_changed,_on_lod_box_value_changed
third_party/Terrain3D/project/addons/terrain_3d/menu/baker.gd		Node	398		_enter_tree,_exit_tree,bake_mesh_popup,_bake_mesh,bake_occluder_popup,_bake_occluder,find_nav_region_terrains,find_terrain_nav_regions,bake_nav_mesh,_bake_nav_region_nav_mesh,_postprocess_nav_mesh,_postprocess_nav_mesh_round_vertices,_postprocess_nav_mesh_remove_empty_polygons,_postprocess_nav_mesh_remove_overlapping_polygons,set_up_navigation_popup,_set_up_navigation,_do_set_up_navigation,_undo_set_up_navigation
third_party/Terrain3D/project/addons/terrain_3d/menu/channel_packer.gd		RefCounted	497		pack_textures_popup,_on_close_requested,_init_file_dialogs,_init_texture_picker,_set_wh_labels,_show_message,_create_import_file,_on_pack_button_pressed,_on_save_file_selected,_alignment_basis,_set_normal_vector,_align_normals,_pack_textures
third_party/Terrain3D/project/addons/terrain_3d/menu/channel_packer_dragdrop.gd		Button	17	dropped	_can_drop_data,_drop_data
third_party/Terrain3D/project/addons/terrain_3d/menu/directory_setup.gd		Node	86		_init,directory_setup_popup,_on_close_requested,_on_select_file_pressed,_on_dir_selected,_on_ok_pressed
third_party/Terrain3D/project/addons/terrain_3d/menu/terrain_menu.gd		HBoxContainer	101		_enter_tree,_on_menu_pressed,_on_menu_about_to_popup
third_party/Terrain3D/project/addons/terrain_3d/src/asset_dock.gd		PanelContainer	956	confirmation_closed,confirmation_confirmed,confirmation_canceled,hovered,clicked,changed,inspected	_notification,initialize,_gui_input,remove_dock,update_dock,update_layout,_on_godot_window_entered,set_selected_by_asset_id,_on_search_text_changed,_on_search_button_pressed,_on_pin_changed,_on_slider_changed,_on_textures_pressed,_on_meshes_pressed,_on_tool_changed,update_assets,remove_all_highlights,load_editor_settings,save_editor_settings,_ready,clear,update_asset_list,add_item,_on_resource_hovered,set_selected_after_swap,clicked_id,set_selected_id,get_selected_asset_id,_on_resource_inspected,_on_resource_changed,set_entry_width,get_entry_width,redraw,_get_minimum_size,_notification,_ready,setup_buttons,destroy_buttons,get_resource_name,setup_label,setup_count_label,update_count_label,_notification,_gui_input,_can_drop_data,_drop_data,set_edited_resource,_on_resource_changed,set_selected,_on_clear,_on_edit,_on_enable,_on_highlight,_format_number
third_party/Terrain3D/project/addons/terrain_3d/src/asset_dock_45.gd		PanelContainer	1098	confirmation_closed,confirmation_confirmed,confirmation_canceled,hovered,clicked,changed,inspected	initialize,_ready,_gui_input,set_slot,remove_dock,update_dock,update_layout,set_selected_by_asset_id,_on_search_text_changed,_on_search_button_pressed,_on_pin_changed,_on_slider_changed,_on_textures_pressed,_on_meshes_pressed,_on_tool_changed,update_assets,remove_all_highlights,make_dock_float,create_window,clamp_window_position,_on_window_input,_on_godot_window_entered,_on_godot_focus_entered,_on_godot_focus_exited,load_editor_settings,save_editor_settings,_ready,clear,update_asset_list,add_item,_on_resource_hovered,set_selected_after_swap,clicked_id,set_selected_id,get_selected_asset_id,_on_resource_inspected,_on_resource_changed,set_entry_width,get_entry_width,redraw,_get_minimum_size,_notification,_ready,setup_buttons,destroy_buttons,get_resource_name,setup_label,setup_count_label,update_count_label,_notification,_gui_input,_can_drop_data,_drop_data,set_edited_resource,_on_resource_changed,set_selected,_on_clear,_on_edit,_on_enable,_on_highlight,_format_number
third_party/Terrain3D/project/addons/terrain_3d/src/double_slider.gd	DoubleSlider	Control	164	value_changed	_ready,set_min,get_min,set_max,get_max,set_step,get_step,set_value,get_value,update_label,_get_handle,_gui_input,set_slider,_notification
third_party/Terrain3D/project/addons/terrain_3d/src/editor_plugin.gd		EditorPlugin	505		_init,_enter_tree,_exit_tree,_on_godot_focus_entered,_handles,_edit,_make_visible,_clear,_forward_3d_gui_input,_read_input,consume_hotkey,_on_scene_changed,get_terrain,is_terrain_valid,is_selected,select_terrain,setup_editor_settings,set_setting,get_setting,has_setting,erase_setting,create_undo_action,add_undo_method,add_do_method,commit_action
third_party/Terrain3D/project/addons/terrain_3d/src/gradient_operation_builder.gd		res://addons/terrain_3d/src/operation_builder.gd	57		_get_point_picker,_get_brush_size,_is_drawable,is_picking,pick,is_ready,apply_operation
third_party/Terrain3D/project/addons/terrain_3d/src/live_info_panel.gd	Terrain3DLiveInfoPanel	MarginContainer	64		_ready,update,_enter_tree,_exit_tree,set_enabled,_on_visibilty_changed
third_party/Terrain3D/project/addons/terrain_3d/src/multi_picker.gd		HBoxContainer	88	pressed,value_changed	_enter_tree,_on_button_pressed,_update_buttons,_update_button,clear,all_points_selected,add_point,get_points
third_party/Terrain3D/project/addons/terrain_3d/src/operation_builder.gd		RefCounted	25		is_picking,pick,is_ready,apply_operation
third_party/Terrain3D/project/addons/terrain_3d/src/tool_settings.gd		PanelContainer	737	picking,setting_changed	_ready,create_submenu,_on_show_submenu,add_brushes,_on_brush_hover,_on_pick,_on_picked,_on_point_pick,_on_point_picked,add_setting,_on_label_pressed,get_settings,get_setting,set_setting,show_settings,_on_setting_changed,_generate_brush_texture,_on_drawable_toggled,_get_brush_preview_material,_count_digits,inverse_slope_range
third_party/Terrain3D/project/addons/terrain_3d/src/toolbar.gd		VFlowContainer	170	tool_changed	_init,_ready,add_tool_button,get_button,show_add_buttons,_on_tool_selected,change_tool
third_party/Terrain3D/project/addons/terrain_3d/src/ui.gd		Node	693		_enter_tree,_exit_tree,set_visible,set_menu_visibility,_on_tool_changed,_on_setting_changed,set_active_operation,update_decal,is_shader_valid,hide_decal,reset_decal_arrays,set_decal_rotation,_on_picking,_update_picker_highlight,clear_picking,is_picking,pick,set_button_editor_icon,setup_live_info_panel
third_party/Terrain3D/project/addons/terrain_3d/tools/importer.gd		Terrain3D	120		reset_settings,reset_terrain,update_heights,set_import_position,set_r16_size,start_import,save_data,start_export
third_party/Terrain3D/project/addons/terrain_3d/tools/region_mover.gd		Terrain3D	52		start_rename
third_party/Terrain3D/project/addons/terrain_3d/utils/terrain_3d_objects.gd	Terrain3DObjects	Node3D	191		_enter_tree,_exit_tree,editor_setup,get_terrain,_get_terrain_height,_on_child_entered_tree,_setup_child_signal,_on_child_exiting_tree,_is_node_selected,_on_child_transform_changed,_set_offset_and_position,_update_child_offset,_update_child_position,_on_maps_edited
third_party/Terrain3D/project/addons/terrain_3d/utils/transform_changed_notifier.gd		Node3D	16	transform_changed	_ready,_notification
third_party/Terrain3D/project/demo/src/CameraManager.gd		Node3D	29		_ready,_input,rotate_camera
third_party/Terrain3D/project/demo/src/CaveEntrance.gd		Area3D	22		_ready,_on_body_entered,_on_body_exited
third_party/Terrain3D/project/demo/src/CodeGenerated.gd		Node	136		_ready,create_terrain,create_texture_asset,create_mesh_asset
third_party/Terrain3D/project/demo/src/DemoScene.gd		Node	23		_ready
third_party/Terrain3D/project/demo/src/Enemy.gd		CharacterBody3D	58		_ready,_process,is_on_nav_mesh,_physics_process,_on_velocity_computed
third_party/Terrain3D/project/demo/src/Player.gd		CharacterBody3D	84		_physics_process,get_camera_relative_input,_input
third_party/Terrain3D/project/demo/src/RuntimeNavigationBaker.gd		Node	151	bake_finished	_ready,set_enabled,set_enter_cost,set_travel_cost,set_navigation_layers,set_template,parse_scene,_update_map_cell_size,_process,_rebake,_task_bake,_bake_finished
third_party/Terrain3D/project/demo/src/UI.gd		Control	64		_init,_process,_unhandled_key_input,toggle_fullscreen
third_party/beehave/addons/beehave/blackboard.gd	Blackboard		110		_ready,keys,set_value,get_value,has_value,erase_value,get_debug_data,_sanitize_for_debug
third_party/beehave/addons/beehave/debug/debugger.gd		EditorDebuggerPlugin	99		_has_capture,_capture,_setup_session,_on_make_floating,_on_window_close_requested
third_party/beehave/addons/beehave/debug/debugger_messages.gd	BeehaveDebuggerMessages		33		can_send_message,register_tree,unregister_tree,process_tick,process_interrupt,process_begin,process_end
third_party/beehave/addons/beehave/debug/debugger_tab.gd	BeehaveDebuggerTab	PanelContainer	216	make_floating	_ready,_build_ui,_init_graph,start,_notify_state,stop,register_tree,unregister_tree,_select_item_by_id,_on_item_selected,_on_graph_node_selected,_on_graph_node_deselected,_on_visibility_changed
third_party/beehave/addons/beehave/debug/global_debugger.gd		Node	70		_enter_tree,_on_debug_message,_set_active_tree,register_tree,unregister_tree
third_party/beehave/addons/beehave/debug/new_frames.gd		RefCounted	69		_init
third_party/beehave/addons/beehave/debug/new_graph_edit.gd		GraphEdit	319		_init,_ready,_get_connection_line,_update_graph,_add_nodes,_connect_nodes,_arrange_nodes,_create_tree_nodes,_place_nodes,_get_icon,get_menu_container,get_status,process_begin,process_interrupt,process_tick,process_end,_is_same_tree,_get_child_nodes,_get_elbow_connection_line,_process,_draw,_update_layout_button
third_party/beehave/addons/beehave/debug/new_graph_node.gd		GraphNode	192	blackboard_updated	_init,_ready,_draw_port,get_custom_input_port_position,get_custom_output_port_position,set_status,set_slots,set_color,set_input_color,set_output_color,_set_stylebox_overrides,_on_size_changed
third_party/beehave/addons/beehave/debug/new_node_blackboard.gd		VBoxContainer	81		_init,_ready,_update_list,_get_icon
third_party/beehave/addons/beehave/debug/old_frames.gd		RefCounted	47		_init
third_party/beehave/addons/beehave/debug/old_graph_edit.gd		GraphEdit	286		_init,_ready,_update_graph,_add_nodes,_connect_nodes,_arrange_nodes,_create_tree_nodes,_place_nodes,_get_icon,get_menu_container,get_status,process_begin,process_tick,process_end,_is_same_tree,_get_child_nodes,_get_connection_line,_process,_draw,_update_layout_button
third_party/beehave/addons/beehave/debug/old_graph_node.gd		GraphNode	166		_init,_ready,set_status,_get_stylebox,set_slots,set_color,set_input_color,set_output_color,_on_size_changed
third_party/beehave/addons/beehave/debug/tree_node.gd	TreeNode	RefCounted	275		_init,is_leaf,is_most_left,is_most_right,get_previous_sibling,get_next_sibling,get_most_left_sibling,get_most_left_child,get_most_right_child,update_positions,_initialize_nodes,_calculate_initial_x,_calculate_final_positions,_check_all_children_on_screen,_check_for_conflicts,_center_nodes_between,_get_left_contour,_get_right_contour,_swap_x_y,_calculate_x,_calculate_y
third_party/beehave/addons/beehave/metrics/beehave_global_metrics.gd		Node	54		_enter_tree,register_tree,unregister_tree,_get_total_trees,_get_total_enabled_trees,_on_tree_enabled,_on_tree_disabled
third_party/beehave/addons/beehave/nodes/beehave_node.gd	BeehaveNode		53		_get_configuration_warnings,tick,interrupt,before_run,after_run,get_class_name,can_send_message,_safe_tick
third_party/beehave/addons/beehave/nodes/beehave_tree.gd	BeehaveTree		324	tree_enabled,tree_disabled	_ready,_resolve_actor,_on_scene_tree_node_added_removed,_physics_process,_process,tick,_get_configuration_warnings,get_running_action,get_last_condition,get_last_condition_status,interrupt,enable,disable,_exit_tree,_get_process_time_metric_value,_get_debugger_data,get_class_name,_get_global_metrics,_get_global_debugger
third_party/beehave/addons/beehave/nodes/composites/composite.gd	Composite		57		_get_configuration_warnings,interrupt,after_run,get_class_name,_cleanup_running,_interrupt_children
third_party/beehave/addons/beehave/nodes/composites/randomized_composite.gd	RandomizedComposite		180		_ready,_connect_children_changing_signals,get_shuffled_children,_weighted_shuffle,_get_property_list,_set,_get,_update_weights,_exit_tree,_enter_tree,_on_child_entered_tree,_on_child_exiting_tree,_on_child_tree_exited,_on_child_renamed,get_class_name
third_party/beehave/addons/beehave/nodes/composites/selector.gd	SelectorComposite		100		tick,after_run,interrupt,get_class_name
third_party/beehave/addons/beehave/nodes/composites/selector_random.gd	SelectorRandomComposite		84		_ready,tick,after_run,interrupt,_get_reversed_indexes,_reset,get_class_name
third_party/beehave/addons/beehave/nodes/composites/selector_reactive.gd	SelectorReactiveComposite		94		tick,after_run,interrupt,get_class_name
third_party/beehave/addons/beehave/nodes/composites/sequence.gd	SequenceComposite		91		tick,interrupt,_reset,get_class_name
third_party/beehave/addons/beehave/nodes/composites/sequence_random.gd	SequenceRandomComposite		98	reset	_ready,tick,after_run,interrupt,_get_reversed_indexes,_reset,get_class_name
third_party/beehave/addons/beehave/nodes/composites/sequence_reactive.gd	SequenceReactiveComposite		81		tick,interrupt,_reset,get_class_name
third_party/beehave/addons/beehave/nodes/composites/sequence_star.gd	SequenceStarComposite		85		tick,interrupt,_reset,get_class_name
third_party/beehave/addons/beehave/nodes/composites/simple_parallel.gd	SimpleParallelComposite		118		_get_configuration_warnings,tick,before_run,interrupt,after_run,_reset,_cleanup_running_task,get_class_name
third_party/beehave/addons/beehave/nodes/decorators/cooldown.gd	CooldownDecorator	Decorator	55		tick,interrupt
third_party/beehave/addons/beehave/nodes/decorators/decorator.gd	Decorator		33		_get_configuration_warnings,interrupt,after_run,get_class_name
third_party/beehave/addons/beehave/nodes/decorators/delayer.gd	DelayDecorator	Decorator	57		tick,interrupt
third_party/beehave/addons/beehave/nodes/decorators/failer.gd	AlwaysFailDecorator		34		tick,get_class_name
third_party/beehave/addons/beehave/nodes/decorators/inverter.gd	InverterDecorator		42		tick,get_class_name
third_party/beehave/addons/beehave/nodes/decorators/limiter.gd	LimiterDecorator		76		tick,before_run,interrupt,_reset_counter,get_class_name,_get_configuration_warnings
third_party/beehave/addons/beehave/nodes/decorators/repeater.gd	RepeaterDecorator		66		before_run,tick,interrupt,get_class_name
third_party/beehave/addons/beehave/nodes/decorators/succeeder.gd	AlwaysSucceedDecorator		34		tick,get_class_name
third_party/beehave/addons/beehave/nodes/decorators/time_limiter.gd	TimeLimiterDecorator		67		tick,before_run,interrupt,get_class_name,_get_configuration_warnings
third_party/beehave/addons/beehave/nodes/decorators/until_fail.gd	UntilFailDecorator	Decorator	34		tick
third_party/beehave/addons/beehave/nodes/leaves/action.gd	ActionLeaf		13		get_class_name
third_party/beehave/addons/beehave/nodes/leaves/blackboard_compare.gd	BlackboardCompareCondition		64		tick,_get_expression_sources
third_party/beehave/addons/beehave/nodes/leaves/blackboard_erase.gd	BlackboardEraseAction		24		tick,_get_expression_sources
third_party/beehave/addons/beehave/nodes/leaves/blackboard_has.gd	BlackboardHasCondition		22		tick,_get_expression_sources
third_party/beehave/addons/beehave/nodes/leaves/blackboard_set.gd	BlackboardSetAction		32		tick,_get_expression_sources
third_party/beehave/addons/beehave/nodes/leaves/condition.gd	ConditionLeaf		11		get_class_name
third_party/beehave/addons/beehave/nodes/leaves/leaf.gd	Leaf		47		_get_configuration_warnings,_parse_expression,_get_expression_sources,get_class_name
third_party/beehave/addons/beehave/plugin.gd		EditorPlugin	72		_enable_plugin,_disable_plugin,_init,_enter_tree,_exit_tree,_register_custom_types,_unregister_custom_types
third_party/beehave/addons/beehave/utils/utils.gd			21		get_plugin,get_editor_scale,get_frames
third_party/beehave/addons/gdUnit4/bin/GdUnitCmdTool.gd		SceneTree	21		_initialize,_finalize
third_party/beehave/addons/gdUnit4/bin/GdUnitCopyLog.gd		MainLoop	167		_init,_process,set_current_report_path,set_report_directory,get_log_report_html,reports_available,scan_latest_godot_log,read_log_file_content,write_report,_update_index_html,get_cmdline_args
third_party/beehave/addons/gdUnit4/plugin.gd		EditorPlugin	89		_enter_tree,_exit_tree,check_running_in_test_env,_add_context_menus,_remove_context_menus,_on_resource_saved
third_party/beehave/addons/gdUnit4/src/Comparator.gd	Comparator	Resource	12		
third_party/beehave/addons/gdUnit4/src/Fuzzers.gd	Fuzzers	Resource	80		rand_str,boolean,rangei,rangef,rangev2,rangev3,eveni,oddi
third_party/beehave/addons/gdUnit4/src/GdUnitArrayAssert.gd		GdUnitAssert	122		
third_party/beehave/addons/gdUnit4/src/GdUnitAssert.gd		RefCounted	47		
third_party/beehave/addons/gdUnit4/src/GdUnitAwaiter.gd	GdUnitAwaiter	RefCounted	72		await_signal_on,await_signal_idle_frames,await_millis,await_idle_frame
third_party/beehave/addons/gdUnit4/src/GdUnitBoolAssert.gd		GdUnitAssert	35		
third_party/beehave/addons/gdUnit4/src/GdUnitConstants.gd	GdUnitConstants	RefCounted	10		
third_party/beehave/addons/gdUnit4/src/GdUnitDictionaryAssert.gd		GdUnitAssert	79		
third_party/beehave/addons/gdUnit4/src/GdUnitFailureAssert.gd		GdUnitAssert	52		
third_party/beehave/addons/gdUnit4/src/GdUnitFileAssert.gd		GdUnitAssert	38		
third_party/beehave/addons/gdUnit4/src/GdUnitFloatAssert.gd		GdUnitAssert	75		
third_party/beehave/addons/gdUnit4/src/GdUnitFuncAssert.gd		GdUnitAssert	42		
third_party/beehave/addons/gdUnit4/src/GdUnitGodotErrorAssert.gd		GdUnitAssert	59		
third_party/beehave/addons/gdUnit4/src/GdUnitIntAssert.gd		GdUnitAssert	79		
third_party/beehave/addons/gdUnit4/src/GdUnitObjectAssert.gd		GdUnitAssert	51		
third_party/beehave/addons/gdUnit4/src/GdUnitResultAssert.gd		GdUnitAssert	51		
third_party/beehave/addons/gdUnit4/src/GdUnitSceneRunner.gd		RefCounted	350		
third_party/beehave/addons/gdUnit4/src/GdUnitSignalAssert.gd		GdUnitAssert	158		
third_party/beehave/addons/gdUnit4/src/GdUnitStringAssert.gd		GdUnitAssert	71		
third_party/beehave/addons/gdUnit4/src/GdUnitTestSuite.gd	GdUnitTestSuite	Node	746		__lazy_load,__gdunit_assert,__gdunit_tools,__gdunit_file_access,__gdunit_awaiter,__gdunit_argument_matchers,__gdunit_object_interactions,before,after,before_test,after_test,is_failure,set_active_test_case,error_as_string,auto_free,add_child,discard_error_interupted_by_timeout,create_temp_dir,clean_temp_dir,create_temp_file,resource_as_array,resource_as_string,resource_as_var,await_signal_on,await_idle_frame,await_millis,collect_orphan_node_details,scene_runner,mock,spy,do_return,verify,verify_no_interactions,verify_no_more_interactions,reset,monitor_signals,any,any_bool,any_int,any_float,any_string,any_color,any_vector,any_vector2,any_vector2i,any_vector3,any_vector3i,any_vector4,any_vector4i,any_rect2,any_plane,any_quat,any_aabb,any_basis,any_transform_2d,any_transform_3d,any_node_path,any_rid,any_object,any_dictionary,any_array,any_packed_byte_array,any_packed_int32_array,any_packed_int64_array,any_packed_float32_array,any_packed_float64_array,any_packed_string_array,any_packed_vector2_array,any_packed_vector3_array,any_packed_color_array,any_class,extr,tuple,assert_that,assert_bool,assert_str,assert_int,assert_float,assert_vector,assert_array,assert_dict,assert_file,assert_object,assert_result,assert_func,assert_signal,assert_failure,assert_failure_await,assert_error,assert_not_yet_implemented,fail,ResourcePath
third_party/beehave/addons/gdUnit4/src/GdUnitTuple.gd	GdUnitTuple	RefCounted	86		_init,values,_to_string
third_party/beehave/addons/gdUnit4/src/GdUnitValueExtractor.gd	GdUnitValueExtractor	RefCounted	9		extract_value
third_party/beehave/addons/gdUnit4/src/GdUnitVectorAssert.gd		GdUnitAssert	55		
third_party/beehave/addons/gdUnit4/src/asserts/CallBackValueProvider.gd	CallBackValueProvider	ValueProvider	25		_init,get_value,dispose
third_party/beehave/addons/gdUnit4/src/asserts/DefaultValueProvider.gd	DefaultValueProvider	ValueProvider	13		_init,get_value
third_party/beehave/addons/gdUnit4/src/asserts/GdAssertMessages.gd	GdAssertMessages	Resource	752		format_dict,input_event_as_text,_colored_string_div,colored_array_div,_typed_value,_warning,_error,_nerror,_colored,_colored_value,_index_report_as_table,orphan_warning,orphan_detected_on_suite_setup,orphan_detected_on_test_setup,orphan_detected_on_test,_build_orphan_node_stacktrace,fuzzer_interuped,test_timeout,test_session_terminated,test_suite_skipped,test_skipped,error_not_implemented,error_is_null,error_is_not_null,error_equal,error_not_equal,error_not_equal_case_insensetiv,error_is_empty,error_is_not_empty,error_is_same,error_not_same,error_not_same_error,error_is_instanceof,error_is_true,error_is_false,error_is_even,error_is_odd,error_is_negative,error_is_not_negative,error_is_zero,error_is_not_zero,error_is_wrong_type,error_is_value,error_is_in,error_is_not_in,error_equal_ignoring_case,error_contains,error_not_contains,error_contains_ignoring_case,error_not_contains_ignoring_case,error_starts_with,error_ends_with,error_has_length,error_arr_contains,error_arr_contains_exactly,error_arr_contains_exactly_in_any_order,error_arr_not_contains,error_contains_keys,error_not_contains_keys,error_contains_key_value,error_result_is_empty,error_result_is_success,error_result_is_warning,error_result_is_error,error_result_has_message,error_result_has_message_on_success,error_result_is_value,_result_error_message,error_interrupted,error_wait_signal,error_signal_emitted,error_await_signal_on_invalid_instance,result_type,result_message,error_no_more_interactions,error_validate_interactions,_format_arguments,_to_typed_args,_format_arg,_find_first_diff,error_has_size,error_contains_exactly,format_chars,format_invalid,humanized,build_failure_message,is_empty
third_party/beehave/addons/gdUnit4/src/asserts/GdAssertReports.gd	GdAssertReports	RefCounted	54		report_success,report_warning,report_error,reset_last_error_line_number,set_last_error_line_number,get_last_error_line_number,_do_expect_assert_failing,current_failure,send_report
third_party/beehave/addons/gdUnit4/src/asserts/GdUnitArrayAssertImpl.gd	GdUnitArrayAssertImpl	GdUnitArrayAssert	424		_init,_notification,report_success,report_error,failure_message,override_failure_message,append_failure_message,_validate_value_type,get_current_value,max_length,_toPackedStringArray,_array_equals_div,_array_div,_contains,_contains_exactly,_contains_exactly_in_any_order,_not_contains,is_null,is_not_null,is_equal,is_equal_ignoring_case,is_not_equal,is_not_equal_ignoring_case,is_empty,is_not_empty,is_same,is_not_same,has_size,contains,contains_exactly,contains_exactly_in_any_order,contains_same,contains_same_exactly,contains_same_exactly_in_any_order,not_contains,not_contains_same,is_instanceof,extract,extractv,_extract_variadic_value,_is_equal,_is_equals_sorted
third_party/beehave/addons/gdUnit4/src/asserts/GdUnitAssertImpl.gd	GdUnitAssertImpl	GdUnitAssert	80		_init,failure_message,current_value,report_success,report_error,do_fail,override_failure_message,append_failure_message,is_null,is_not_null,is_equal,is_not_equal
third_party/beehave/addons/gdUnit4/src/asserts/GdUnitAssertions.gd	GdUnitAssertions	RefCounted	68		_init,__lazy_load,validate_value_type,get_line_number
third_party/beehave/addons/gdUnit4/src/asserts/GdUnitBoolAssertImpl.gd		GdUnitBoolAssert	87		_init,_notification,current_value,report_success,report_error,failure_message,override_failure_message,append_failure_message,is_null,is_not_null,is_equal,is_not_equal,is_true,is_false
third_party/beehave/addons/gdUnit4/src/asserts/GdUnitDictionaryAssertImpl.gd		GdUnitDictionaryAssert	207		_init,_notification,report_success,report_error,failure_message,override_failure_message,append_failure_message,current_value,is_null,is_not_null,is_equal,is_not_equal,is_same,is_not_same,is_empty,is_not_empty,has_size,_contains_keys,_contains_key_value,_not_contains_keys,contains_keys,contains_key_value,not_contains_keys,contains_same_keys,contains_same_key_value,not_contains_same_keys,_filter_by_key,_extract_variadic_value
third_party/beehave/addons/gdUnit4/src/asserts/GdUnitFailureAssertImpl.gd		GdUnitFailureAssert	136		_set_do_expect_fail,execute_and_await,execute,_on_test_failed,is_equal,is_not_equal,is_null,is_not_null,override_failure_message,append_failure_message,is_success,is_failed,has_line,has_message,contains_message,starts_with_message,_report_error,_report_success
third_party/beehave/addons/gdUnit4/src/asserts/GdUnitFileAssertImpl.gd		GdUnitFileAssert	116		_init,_notification,current_value,report_success,report_error,failure_message,override_failure_message,append_failure_message,is_null,is_not_null,is_equal,is_not_equal,is_file,exists,is_script,contains_exactly
third_party/beehave/addons/gdUnit4/src/asserts/GdUnitFloatAssertImpl.gd		GdUnitFloatAssert	159		_init,_notification,current_value,report_success,report_error,failure_message,override_failure_message,append_failure_message,is_null,is_not_null,is_equal,is_not_equal,is_equal_approx,is_less,is_less_equal,is_greater,is_greater_equal,is_negative,is_not_negative,is_zero,is_not_zero,is_in,is_not_in,is_between
third_party/beehave/addons/gdUnit4/src/asserts/GdUnitFuncAssertImpl.gd		GdUnitFuncAssert	177		_init,_notification,report_success,report_error,failure_message,override_failure_message,append_failure_message,wait_until,is_null,is_not_null,is_false,is_true,is_equal,is_not_equal,cb_is_null,cb_is_not_null,cb_is_false,cb_is_true,cb_is_equal,cb_is_not_equal,do_interrupt,_validate_callback,next_current_value
third_party/beehave/addons/gdUnit4/src/asserts/GdUnitGodotErrorAssertImpl.gd		GdUnitGodotErrorAssert	151		_init,_execute,failure_message,_report_success,_report_error,_has_log_entry,_to_list,is_null,is_not_null,is_equal,is_not_equal,override_failure_message,append_failure_message,is_success,is_runtime_error,is_push_warning,is_push_error,_validate_callable
third_party/beehave/addons/gdUnit4/src/asserts/GdUnitIntAssertImpl.gd		GdUnitIntAssert	166		_init,_notification,current_value,report_success,report_error,failure_message,override_failure_message,append_failure_message,is_null,is_not_null,is_equal,is_not_equal,is_less,is_less_equal,is_greater,is_greater_equal,is_even,is_odd,is_negative,is_not_negative,is_zero,is_not_zero,is_in,is_not_in,is_between
third_party/beehave/addons/gdUnit4/src/asserts/GdUnitObjectAssertImpl.gd		GdUnitObjectAssert	166		_init,_notification,current_value,report_success,report_error,failure_message,override_failure_message,append_failure_message,is_equal,is_not_equal,is_null,is_not_null,is_same,is_not_same,is_instanceof,is_not_instanceof,is_inheriting,is_not_inheriting,_inherits,_extract_class_type
third_party/beehave/addons/gdUnit4/src/asserts/GdUnitResultAssertImpl.gd		GdUnitResultAssert	128		_init,_notification,validate_value_type,current_value,report_success,report_error,failure_message,override_failure_message,append_failure_message,is_null,is_not_null,is_equal,is_not_equal,is_empty,is_success,is_warning,is_error,contains_message,is_value
third_party/beehave/addons/gdUnit4/src/asserts/GdUnitSignalAssertImpl.gd		GdUnitSignalAssert	172		_init,_notification,report_success,report_warning,report_error,failure_message,override_failure_message,append_failure_message,wait_until,is_null,is_not_null,is_equal,is_not_equal,is_signal_exists,is_emitted,is_not_emitted,_wrap_arguments,_wail_until_signal,_to_signal_name
third_party/beehave/addons/gdUnit4/src/asserts/GdUnitStringAssertImpl.gd		GdUnitStringAssert	208		_init,_notification,failure_message,current_value,report_success,report_error,override_failure_message,append_failure_message,is_null,is_not_null,is_equal,is_equal_ignoring_case,_is_equal,is_not_equal,is_not_equal_ignoring_case,is_empty,is_not_empty,contains,not_contains,contains_ignoring_case,not_contains_ignoring_case,starts_with,ends_with,has_length,contains_bbcode
third_party/beehave/addons/gdUnit4/src/asserts/GdUnitVectorAssertImpl.gd		GdUnitVectorAssert	187		_init,_notification,_validate_value_type,_validate_is_vector_type,current_value,report_success,report_error,failure_message,override_failure_message,append_failure_message,is_null,is_not_null,is_equal,is_not_equal,is_equal_approx,_is_equal_approx,is_less,is_less_equal,is_greater,is_greater_equal,is_between,is_not_between
third_party/beehave/addons/gdUnit4/src/asserts/ValueProvider.gd	ValueProvider	RefCounted	10		get_value,dispose
third_party/beehave/addons/gdUnit4/src/cmd/CmdArgumentParser.gd	CmdArgumentParser	RefCounted	62		_init,parse,options,_parse_cmd_arguments,_is_next_value_argument
third_party/beehave/addons/gdUnit4/src/cmd/CmdCommand.gd	CmdCommand	RefCounted	27		_init,name,arguments,add_argument,_to_string
third_party/beehave/addons/gdUnit4/src/cmd/CmdCommandHandler.gd	CmdCommandHandler	RefCounted	136		_init,register_cb,register_cbv,_validate,execute,_validate_cb_signature,_validate_func_arguments
third_party/beehave/addons/gdUnit4/src/cmd/CmdOption.gd	CmdOption	RefCounted	61		_init,commands,short_command,help,description,type,is_argument_optional,has_argument,describe,_to_string
third_party/beehave/addons/gdUnit4/src/cmd/CmdOptions.gd	CmdOptions	RefCounted	31		_init,default_options,advanced_options,options,get_option
third_party/beehave/addons/gdUnit4/src/core/GdArrayTools.gd	GdArrayTools	RefCounted	127		is_array_type,is_type_array,filter_value,group_by,erase_value,scan_typed,as_string,has_same_content,_typeof_as_string
third_party/beehave/addons/gdUnit4/src/core/GdDiffTool.gd	GdDiffTool	RefCounted	224		_init,string_diff,_myers_diff,_backtrack,_edits_to_diff_format,longestCommonSubsequence,markTextDifferences
third_party/beehave/addons/gdUnit4/src/core/GdObjects.gd	GdObjects	Resource	726		obj2dict,equals,equals_sorted,_equals,notification_as_string,string_to_type,to_camel_case,to_pascal_case,to_snake_case,is_snake_case,type_as_string,typeof_as_string,all_types,string_as_typeof,is_primitive_type,_is_type_equivalent,is_engine_type,is_type,_is_same,is_object,is_script,is_native_class,is_scene,is_scene_resource_path,is_singleton,is_instance,is_instance_scene,can_be_instantiate,create_instance,dispose_function_state,extract_class_path,extract_class_name_from_class_path,extract_class_name,extract_inner_clazz_names,extract_class_functions,is_public_script_class,build_function_default_arguments,default_value_by_type,find_nodes_by_class,_find_nodes_by_class_no_rec,_find_nodes_by_class
third_party/beehave/addons/gdUnit4/src/core/GdUnit4Version.gd	GdUnit4Version	RefCounted	65		_init,parse,current,equals,is_greater,init_version_label,_to_string,documentation_version
third_party/beehave/addons/gdUnit4/src/core/GdUnitFileAccess.gd	GdUnitFileAccess	RefCounted	232		current_dir,clear_tmp,create_temp_file,temp_dir,create_temp_dir,copy_file,copy_directory,delete_directory,delete_path_index_lower_equals_than,find_last_path_index,as_resource_path,scan_dir,resource_as_array,resource_as_string,make_qualified_path,extract_zip
third_party/beehave/addons/gdUnit4/src/core/GdUnitProperty.gd	GdUnitProperty	RefCounted	81		_init,name,type,value,int_value,value_as_string,value_set,is_selectable_value,set_value,default,category,help,_to_string
third_party/beehave/addons/gdUnit4/src/core/GdUnitResult.gd	GdUnitResult	RefCounted	109		empty,success,warn,error,is_success,is_warn,is_error,is_empty,value,value_as_string,or_else,error_message,warn_message,_to_string,serialize,deserialize
third_party/beehave/addons/gdUnit4/src/core/GdUnitRunnerConfig.gd	GdUnitRunnerConfig	Resource	139		version,clear,set_server_port,server_port,do_fail_fast,is_fail_fast,add_test_cases,test_cases,save_config,load_config,convert_test_json_to_test_cases,fix_value_types,convert_Array_to_PackedStringArray,_to_string
third_party/beehave/addons/gdUnit4/src/core/GdUnitSceneRunnerImpl.gd	GdUnitSceneRunnerImpl	GdUnitSceneRunner	642		_init,_notification,_scene_tree,await_input_processed,simulate_action_pressed,simulate_action_press,simulate_action_release,simulate_key_pressed,simulate_key_press,simulate_key_release,set_mouse_position,get_mouse_position,get_global_mouse_position,simulate_mouse_move,simulate_mouse_move_relative,simulate_mouse_move_absolute,simulate_mouse_button_pressed,simulate_mouse_button_press,simulate_mouse_button_release,simulate_screen_touch_pressed,simulate_screen_touch_press,simulate_screen_touch_release,simulate_screen_touch_drag_relative,simulate_screen_touch_drag_absolute,simulate_screen_touch_drag_drop,simulate_screen_touch_drag,get_screen_touch_drag_position,is_emulate_mouse_from_touch,_get_screen_touch_drag_position_or_default,_do_touch_drag_at,set_time_factor,simulate_frames,simulate_until_signal,simulate_until_object_signal,await_func,await_func_on,await_signal,await_signal_on,move_window_to_foreground,move_window_to_background,_property_exists,get_property,set_property,invoke,find_child,_scene_name,__activate_time_factor,__deactivate_time_factor,_apply_input_modifiers,_apply_input_mouse_mask,_apply_input_mouse_position,_handle_actions,_handle_input_event,_reset_input_to_default,__print,__print_current_focus,scene,_push_warning_deprecated_arguments
third_party/beehave/addons/gdUnit4/src/core/GdUnitSettings.gd	GdUnitSettings	RefCounted	471		setup,migrate_properties,create_shortcut_properties_if_need,create_property_if_need,set_property_info,set_property_help,get_setting,is_update_notification_enabled,set_update_notification,get_log_path,set_log_path,get_session_hooks,set_session_hooks,set_inspector_tree_sort_mode,get_inspector_tree_sort_mode,set_inspector_tree_view_mode,get_inspector_tree_view_mode,server_timeout,test_timeout,test_root_folder,is_verbose_assert_warnings,is_verbose_assert_errors,is_verbose_orphans,is_strict_number_type_compare,is_report_push_errors,is_report_script_errors,is_inspector_node_collapse,is_inspector_toolbar_button_show,is_test_discover_enabled,is_test_flaky_check_enabled,is_feature_enabled,get_flaky_max_retries,get_rerun_max_retries,set_test_discover_enabled,is_log_enabled,validate_is_inferred_declaration_enabled,list_settings,update_property,reset_property,validate_property_value,validate_lookup_folder,save_property,_save_settings,has_property,get_property,build_property,migrate_property
third_party/beehave/addons/gdUnit4/src/core/GdUnitSignalAwaiter.gd	GdUnitSignalAwaiter	RefCounted	81	signal_emitted	_init,_on_signal_emmited,is_interrupted,elapsed_time,on_signal,_do_interrupt
third_party/beehave/addons/gdUnit4/src/core/GdUnitSignalCollector.gd	GdUnitSignalCollector	RefCounted	129		clear,register_emitter,unregister_emitter,_on_signal_emmited,reset_received_signals,is_signal_collecting,match,_debug_signal_list
third_party/beehave/addons/gdUnit4/src/core/GdUnitSignals.gd	GdUnitSignals	RefCounted	118	gdunit_client_connected,gdunit_client_disconnected,gdunit_test_session_terminate,gdunit_event,gdunit_event_debug,gdunit_message,gdunit_set_test_failed,gdunit_settings_changed,gdunit_test_discover_added,gdunit_test_discover_deleted,gdunit_test_discover_modified	instance,dispose
third_party/beehave/addons/gdUnit4/src/core/GdUnitSingleton.gd	GdUnitSingleton	Object	56		instance,unregister,dispose
third_party/beehave/addons/gdUnit4/src/core/GdUnitTestResourceLoader.gd	GdUnitTestResourceLoader	RefCounted	97		load_test_suite,load_tests,load_test_suite_gd,load_test_suite_cs,load_cs_script,load_gd_script
third_party/beehave/addons/gdUnit4/src/core/GdUnitTestSuiteBuilder.gd	GdUnitTestSuiteBuilder	RefCounted	20		create
third_party/beehave/addons/gdUnit4/src/core/GdUnitTestSuiteScanner.gd	GdUnitTestSuiteScanner	RefCounted	410		test_,prescan_testsuite_classes,scan,scan_directory,_scan_test_suites_scripts,_file,_load_is_test_suite,load_suite,_build_test_attribute,load_with_disabled_warnings,is_test_suite,_is_script_format_supported,parse_test_suite_name,_handle_test_suite_arguments,_to_naming_convention,resolve_test_suite_path,normalize_path,create_test_suite,get_test_case_line_number,get_extends_classname,add_test_case,count_lines,test_suite_exists,test_case_exists,create_test_case
third_party/beehave/addons/gdUnit4/src/core/GdUnitTools.gd		RefCounted	144		normalize_text,richtext_normalize,to_regex,prints_verbose,free_instance,_release_connections,release_timers,dispose_all,release_double,find_test_case,register_expect_interupted_by_timeout
third_party/beehave/addons/gdUnit4/src/core/GodotVersionFixures.gd	GodotVersionFixures	RefCounted	11		set_event_global_position
third_party/beehave/addons/gdUnit4/src/core/LocalTime.gd	LocalTime	Resource	114		now,of_unix_time,local_time,elapsed_since,elapsed_since_ms,plus,elapsed,_init,hour,minute,second,millis,_to_string,_get_system_time_msecs
third_party/beehave/addons/gdUnit4/src/core/_TestCase.gd	_TestCase	Node	253	completed	_init,execute,execute_parameterized,_resolve_test_parameters,dispose,_execute_test_case,update_fuzzers,set_timeout,do_interrupt,do_terminate,_set_failure_handler,_remove_failure_handler,_failure_received,stop_timer,expect_to_interupt,is_interupted,is_expect_interupted,is_terminated,is_parameterized,is_skipped,skip_info,id,test_name,line_number,iterations,seed_value,is_fuzzed,fuzzer_arguments,script_path,ResourcePath,generate_seed,do_skip,set_function_descriptor,_to_string
third_party/beehave/addons/gdUnit4/src/core/attributes/TestCaseAttribute.gd	TestCaseAttribute	Resource	76		clone
third_party/beehave/addons/gdUnit4/src/core/command/GdUnitBaseCommand.gd		Node	64		_init,_shortcut_input,update_shortcut,_set_shortcut,_create_shortcut_input_even
third_party/beehave/addons/gdUnit4/src/core/command/GdUnitCommandFileSystem.gd		GdUnitBaseCommand	42		_init,is_running,execute_tests
third_party/beehave/addons/gdUnit4/src/core/command/GdUnitCommandFileSystemDebugTests.gd	GdUnitCommandFileSystemDebugTests	GdUnitCommandFileSystem	17		_init,execute
third_party/beehave/addons/gdUnit4/src/core/command/GdUnitCommandFileSystemRunTests.gd	GdUnitCommandFileSystemRunTests	GdUnitCommandFileSystem	15		_init,execute
third_party/beehave/addons/gdUnit4/src/core/command/GdUnitCommandHandler.gd	GdUnitCommandHandler	Object	126		instance,_init,_notification,_do_process,command_icon,command_shortcut,command_execute,_register_command,cmd_discover_tests,_on_event,_on_settings_changed,_on_client_disconnected
third_party/beehave/addons/gdUnit4/src/core/command/GdUnitCommandInspectorDebugTests.gd	GdUnitCommandInspectorDebugTests	GdUnitBaseCommand	27		_init,is_running,execute
third_party/beehave/addons/gdUnit4/src/core/command/GdUnitCommandInspectorRerunTestsUntilFailure.gd	GdUnitCommandInspectorRerunTestsUntilFailure	GdUnitBaseCommand	57	session_closed	_init,is_running,execute,_on_test_event
third_party/beehave/addons/gdUnit4/src/core/command/GdUnitCommandInspectorRunTests.gd	GdUnitCommandInspectorRunTests	GdUnitBaseCommand	26		_init,is_running,execute
third_party/beehave/addons/gdUnit4/src/core/command/GdUnitCommandInspectorTreeCollapse.gd	GdUnitCommandInspectorTreeCollapse	GdUnitBaseCommand	26		_init,is_running,execute
third_party/beehave/addons/gdUnit4/src/core/command/GdUnitCommandInspectorTreeExpand.gd	GdUnitCommandInspectorTreeExpand	GdUnitBaseCommand	25		_init,is_running,execute
third_party/beehave/addons/gdUnit4/src/core/command/GdUnitCommandRunTestsOverall.gd	GdUnitCommandRunTestsOverall	GdUnitBaseCommand	22		_init,is_running,execute
third_party/beehave/addons/gdUnit4/src/core/command/GdUnitCommandScriptEditor.gd		GdUnitBaseCommand	56		_init,is_running,execute_tests,_collect_tests,_is_active_script_editor,_active_base_editor,_active_script
third_party/beehave/addons/gdUnit4/src/core/command/GdUnitCommandScriptEditorCreateTest.gd	GdUnitCommandScriptEditorCreateTest	GdUnitBaseCommand	41		_init,is_running,execute,_is_active_script_editor,_active_base_editor,_active_script
third_party/beehave/addons/gdUnit4/src/core/command/GdUnitCommandScriptEditorDebugTests.gd	GdUnitCommandScriptEditorDebugTests	GdUnitCommandScriptEditor	14		_init,execute
third_party/beehave/addons/gdUnit4/src/core/command/GdUnitCommandScriptEditorRunTests.gd	GdUnitCommandScriptEditorRunTests	GdUnitCommandScriptEditor	14		_init,execute
third_party/beehave/addons/gdUnit4/src/core/command/GdUnitCommandStopTestSession.gd	GdUnitCommandStopTestSession	GdUnitBaseCommand	21		_init,is_running,execute
third_party/beehave/addons/gdUnit4/src/core/command/GdUnitCommandTestSession.gd	GdUnitCommandTestSession	GdUnitBaseCommand	122		_init,is_running,stop,force_pause_scene,execute,_prepare_test_session
third_party/beehave/addons/gdUnit4/src/core/command/GdUnitShortcut.gd	GdUnitShortcut	RefCounted	73		as_property,default_keys
third_party/beehave/addons/gdUnit4/src/core/discovery/GdUnitGUID.gd	GdUnitGUID	RefCounted	46		_init,equals,_generate_guid,_to_string
third_party/beehave/addons/gdUnit4/src/core/discovery/GdUnitTestCase.gd	GdUnitTestCase	RefCounted	125		from_dict,to_dict,from,_build_suite_name,_build_display_name,_build_fully_qualified_name
third_party/beehave/addons/gdUnit4/src/core/discovery/GdUnitTestDiscoverGuard.gd	GdUnitTestDiscoverGuard	Object	323		instance,_init,sync_test_added,sync_test_deleted,sync_test_modified,handle_discover_events,default_discover_sink,find_test_by_id,get_discovered_tests,discover,sync_moved_tests,sync_renamed_tests,sync_deleted_tests,sync_added_tests,is_test_renamed,is_test_moved,test_equals,rebuild_project
third_party/beehave/addons/gdUnit4/src/core/discovery/GdUnitTestDiscoverSink.gd	GdUnitTestDiscoverSink	RefCounted	13		discover
third_party/beehave/addons/gdUnit4/src/core/discovery/GdUnitTestDiscoverer.gd	GdUnitTestDiscoverer	RefCounted	171		run,restore_last_session,recover_test_guid,console_log_discover_results,console_log,filter_tests,default_discover_sink,discover_tests,scan_all_test_directories,scan_test_directories,normalize_path,match_test_directory
third_party/beehave/addons/gdUnit4/src/core/event/GdUnitEvent.gd	GdUnitEvent	Resource	207		suite_before,suite_after,test_before,test_after,type,guid,suite_name,test_name,elapsed_time,orphan_nodes,statistic,total_count,success_count,error_count,failed_count,skipped_count,retry_count,resource_path,is_success,is_warning,is_failed,is_error,is_flaky,is_skipped,reports,_to_string,serialize,deserialize,_serialize_TestReports,_deserialize_reports
third_party/beehave/addons/gdUnit4/src/core/event/GdUnitEventInit.gd	GdUnitInit	GdUnitEvent	6		_init
third_party/beehave/addons/gdUnit4/src/core/event/GdUnitEventStop.gd	GdUnitStop	GdUnitEvent	6		_init
third_party/beehave/addons/gdUnit4/src/core/event/GdUnitEventTestDiscoverEnd.gd	GdUnitEventTestDiscoverEnd	GdUnitEvent	19		_init,total_test_suites,total_tests
third_party/beehave/addons/gdUnit4/src/core/event/GdUnitEventTestDiscoverStart.gd	GdUnitEventTestDiscoverStart	GdUnitEvent	6		_init
third_party/beehave/addons/gdUnit4/src/core/event/GdUnitSessionClose.gd	GdUnitSessionClose	GdUnitEvent	6		_init
third_party/beehave/addons/gdUnit4/src/core/event/GdUnitSessionStart.gd	GdUnitSessionStart	GdUnitEvent	6		_init
third_party/beehave/addons/gdUnit4/src/core/execution/GdUnitExecutionContext.gd	GdUnitExecutionContext		289		_init,dispose,dispose_sub_contexts,terminate,of,of_test_case,of_parameterized_test,get_test_suite_path,get_test_suite_name,get_test_case_name,save_project_settings,restore_project_settings,error_monitor_start,error_monitor_stop,orphan_monitor_start,orphan_monitor_collect,orphan_monitor_stop,add_report,reports,collect_reports,calculate_statistics,is_success,is_skipped,is_interupted,sum,retry_execution,register_auto_free,gc
third_party/beehave/addons/gdUnit4/src/core/execution/GdUnitMemoryObserver.gd	GdUnitMemoryObserver	RefCounted	135		register_auto_free,_is_instance_guard_enabled,debug_observe,guard_instance,unguard_instance,gc_guarded_instance,gc_on_guarded_instances,_tag_object,gc,is_marked_auto_free
third_party/beehave/addons/gdUnit4/src/core/execution/GdUnitProjectSettingsSnapshot.gd	GdUnitProjectSettingsSnapshot	RefCounted	36		save,restore
third_party/beehave/addons/gdUnit4/src/core/execution/GdUnitTestReportCollector.gd	GdUnitTestReportCollector	RefCounted	77		__filter_is_error,__filter_is_failure,__filter_is_warning,__filter_is_skipped,__filter_is_orphan,count_failures,count_errors,count_warnings,count_skipped,count_orphans,has_failures,has_errors,has_warnings,has_skipped,reports,push_back
third_party/beehave/addons/gdUnit4/src/core/execution/GdUnitTestSuiteExecutor.gd	GdUnitTestSuiteExecutor		56		_init,_on_testsession_terminated,run_and_wait,fail_fast
third_party/beehave/addons/gdUnit4/src/core/execution/stages/GdUnitTestCaseAfterStage.gd	GdUnitTestCaseAfterStage	IGdUnitExecutionStage	22		_init,_execute
third_party/beehave/addons/gdUnit4/src/core/execution/stages/GdUnitTestCaseBeforeStage.gd	GdUnitTestCaseBeforeStage	IGdUnitExecutionStage	20		_init,_execute
third_party/beehave/addons/gdUnit4/src/core/execution/stages/GdUnitTestCaseExecutionStage.gd	GdUnitTestCaseExecutionStage	IGdUnitExecutionStage	39		_execute,set_debug_mode
third_party/beehave/addons/gdUnit4/src/core/execution/stages/GdUnitTestSuiteAfterStage.gd	GdUnitTestSuiteAfterStage	IGdUnitExecutionStage	29		_execute
third_party/beehave/addons/gdUnit4/src/core/execution/stages/GdUnitTestSuiteBeforeStage.gd	GdUnitTestSuiteBeforeStage	IGdUnitExecutionStage	14		_execute
third_party/beehave/addons/gdUnit4/src/core/execution/stages/GdUnitTestSuiteExecutionStage.gd	GdUnitTestSuiteExecutionStage	IGdUnitExecutionStage	149		_execute,clone_test_suite,dispose_timers,copy_properties,fire_test_suite_skipped,fire_test_skipped,set_debug_mode,fail_fast
third_party/beehave/addons/gdUnit4/src/core/execution/stages/IGdUnitExecutionStage.gd		RefCounted	37		execute,fire_event,set_debug_mode
third_party/beehave/addons/gdUnit4/src/core/execution/stages/fuzzed/GdUnitTestCaseFuzzedExecutionStage.gd	GdUnitTestCaseFuzzedExecutionStage	IGdUnitExecutionStage	52		_execute,set_debug_mode,fire_test_skipped
third_party/beehave/addons/gdUnit4/src/core/execution/stages/fuzzed/GdUnitTestCaseFuzzedTestStage.gd	GdUnitTestCaseFuzzedTestStage	IGdUnitExecutionStage	55		_execute,create_fuzzers
third_party/beehave/addons/gdUnit4/src/core/execution/stages/single/GdUnitTestCaseSingleExecutionStage.gd	GdUnitTestCaseSingleExecutionStage	IGdUnitExecutionStage	53		_execute,set_debug_mode,fire_test_skipped
third_party/beehave/addons/gdUnit4/src/core/execution/stages/single/GdUnitTestCaseSingleTestStage.gd	GdUnitTestCaseSingleTestStage	IGdUnitExecutionStage	11		_execute
third_party/beehave/addons/gdUnit4/src/core/hooks/GdUnitBaseReporterTestSessionHook.gd	GdUnitBaseReporterTestSessionHook	GdUnitTestSessionHook	78		_init,startup,shutdown,_on_test_event
third_party/beehave/addons/gdUnit4/src/core/hooks/GdUnitHtmlReporterTestSessionHook.gd	GdUnitHtmlReporterTestSessionHook	GdUnitBaseReporterTestSessionHook	9		_init
third_party/beehave/addons/gdUnit4/src/core/hooks/GdUnitTestSessionHook.gd	GdUnitTestSessionHook	RefCounted	111		_init,startup,shutdown
third_party/beehave/addons/gdUnit4/src/core/hooks/GdUnitTestSessionHookService.gd	GdUnitTestSessionHookService	Object	192		instance,contains_hook,find_custom,load_hook,enable_hook,register,unregister,move_before,move_after,execute_startup,execute_shutdown,execute,save_hock_setttings,load_hook_settings,is_enabled,_enable_hook
third_party/beehave/addons/gdUnit4/src/core/hooks/GdUnitXMLReporterTestSessionHook.gd	GdUnitXMLReporterTestSessionHook	GdUnitBaseReporterTestSessionHook	11		_init,convert_report_message
third_party/beehave/addons/gdUnit4/src/core/parse/GdClassDescriptor.gd	GdClassDescriptor	RefCounted	25		_init,name,is_inner_class,functions
third_party/beehave/addons/gdUnit4/src/core/parse/GdDefaultValueDecoder.gd	GdDefaultValueDecoder	GdUnitSingleton	290		_regex,get_decoder,_on_type_StringName,_on_type_Object,_on_type_Color,_on_type_NodePath,_on_type_Callable,_on_type_Signal,_on_type_Dictionary,_on_type_Array,_on_type_Vector,_on_type_Transform2D,_on_type_Transform3D,_on_type_Projection,_on_type_RID,_on_type_Rect2,_on_type_Rect2i,_on_type_Plane,_on_type_Quaternion,_on_type_AABB,_on_type_Basis,decode,decode_typed,_get_value_decoder
third_party/beehave/addons/gdUnit4/src/core/parse/GdFunctionArgument.gd	GdFunctionArgument	RefCounted	208		_init,_init_static_variables,name,default,set_value,_extract_value_type,value_as_string,plain_value,type,type_hint,has_default,is_typed_array,is_parameter_set,parameter_sets,get_parameter_set,_to_string,_parse_parameter_set,as_array,as_dictionary
third_party/beehave/addons/gdUnit4/src/core/parse/GdFunctionDescriptor.gd	GdFunctionDescriptor	RefCounted	286		create,create_static,_init,with_return_class,name,source_path,line_number,is_virtual,is_static,is_engine,is_vararg,is_coroutine,is_parameterized,is_private,return_type,return_type_as_string,set_argument_value,enrich_arguments,enrich_file_info,args,varargs,typed_args,_to_string,extract_from,_extract_return_type,_extract_args,_build_varargs,_argument_name,_argument_type,_argument_hint,_argument_type_as_string
third_party/beehave/addons/gdUnit4/src/core/parse/GdFunctionParameterSetResolver.gd	GdFunctionParameterSetResolver	RefCounted	188		__extract_test_parameters,_init,resolve_test_cases,is_parameterized,is_parameter_sets_static,is_parameter_set_static,validate,validate_parameter_types,extract_test_cases_by_reflection,_extract_property_names,_is_static_parameter_set,_extract_test_cases_by_reflection,load_parameter_sets,fixure_typed_parameters,copy_properties
third_party/beehave/addons/gdUnit4/src/core/parse/GdScriptParser.gd	GdScriptParser	RefCounted	766		to_unix_format,_init,match,value,is_operator,is_inner_class,is_variable,is_token,is_skippable,_to_string,_init,_to_string,_init,is_skippable,_init,_scan_type,_cast_to_type,is_variable,type,value,plain_value,_to_string,_init,match,value,_init,name,type,_to_string,_strip_leading_spaces,_consumed_bytes,_init,is_class_name,content,parse,_to_string,get_token,next_token,tokenize_value,is_allowed_character,parse_return_token,get_function_descriptors,is_getter_or_setter,_parse_function_arguments,_parse_end_function,extract_inner_class,extract_func_signature,get_class_name,parse_func_name,_enrich_function_descriptor,is_func_coroutine,is_inner_class,is_func_end,_patch_inner_class_names,_prescan_script,parse,_load_inner_class
third_party/beehave/addons/gdUnit4/src/core/parse/GdUnitExpressionRunner.gd	GdUnitExpressionRunner	RefCounted	74		__run_expression,execute,build_constructor_arguments,to_fuzzer
third_party/beehave/addons/gdUnit4/src/core/parse/GdUnitTestParameterSetResolver.gd	GdUnitTestParameterSetResolver	RefCounted	163		__extract_test_parameters,_init,is_parameterized,is_parameter_sets_static,is_parameter_set_static,validate,validate_parameter_types,_extract_property_names,_is_static_parameter_set,load_parameter_sets,fixure_typed_parameters,copy_properties
third_party/beehave/addons/gdUnit4/src/core/report/GdUnitReport.gd	GdUnitReport	Resource	84		create,with_current_value,type,line_number,message,is_skipped,is_warning,is_failure,is_error,is_orphan,_to_string,serialize,deserialize
third_party/beehave/addons/gdUnit4/src/core/runners/GdUnitScriptErrorCollector.gd	GdUnitScriptErrorCollector	Logger	66		_init,_to_string,_init,_log_error,_log_message,has_errors,errors,clear
third_party/beehave/addons/gdUnit4/src/core/runners/GdUnitTestCIRunner.gd	GdUnitTestCIRunner	res://addons/gdUnit4/src/core/runners/GdUnitTestSessionRunner.gd	481		_init,_ready,_notification,init_runner,get_exit_code,quit,console_info,console_error,console_warning,set_report_dir,set_report_count,disable_fail_fast,run_self_test,show_version,check_headless_mode,show_options,descripe_option,load_test_config,show_help,show_advanced_help,get_cmdline_args,init_gd_unit,discover_tests,add_test_suite,add_test_suites,skip_test_suite,skip_test_suites,is_skipped,_on_send_message,_on_gdunit_event,report_exit_code
third_party/beehave/addons/gdUnit4/src/core/runners/GdUnitTestRunner.gd		res://addons/gdUnit4/src/core/runners/GdUnitTestSessionRunner.gd	90		_init,_ready,quit,_on_connection_failed,init_runner,gdUnitInit,_on_send_message,_on_gdunit_event
third_party/beehave/addons/gdUnit4/src/core/runners/GdUnitTestSession.gd	GdUnitTestSession	RefCounted	169	test_event	_init,find_test_by_id,send_message
third_party/beehave/addons/gdUnit4/src/core/runners/GdUnitTestSessionRunner.gd		Node	181		_init,_ready,_notification,_process,init_runner,cleanup_report_history,get_exit_code,quit,prints_warning,_on_gdunit_event,PublishEvent
third_party/beehave/addons/gdUnit4/src/core/templates/test_suite/GdUnitTestSuiteDefaultTemplate.gd	GdUnitTestSuiteDefaultTemplate	RefCounted	36		
third_party/beehave/addons/gdUnit4/src/core/templates/test_suite/GdUnitTestSuiteTemplate.gd	GdUnitTestSuiteTemplate	RefCounted	144		default_GD_template,default_CS_template,build_template,default_template,load_template,save_template,reset_to_default,load_tags
third_party/beehave/addons/gdUnit4/src/core/thread/GdUnitThreadContext.gd	GdUnitThreadContext	RefCounted	71		_init,dispose,terminate,clear_assert,set_assert,get_assert,set_execution_context,get_execution_context,get_execution_context_id,get_signal_collector,thread_id,_to_string
third_party/beehave/addons/gdUnit4/src/core/thread/GdUnitThreadManager.gd	GdUnitThreadManager	Object	69		_init,instance,run,interrupt,get_current_context,_run,_register_thread,_unregister_thread,_get_current_context
third_party/beehave/addons/gdUnit4/src/core/writers/GdUnitCSIMessageWriter.gd	GdUnitCSIMessageWriter	GdUnitMessageWriter	227		_apply_style_flags,_parse_color,_color_to_csi_fg,_color_to_csi_bg,_init_regex_patterns,_extract_color_from_tag,_bbcode_tags_to_csi_codes,_print_message,_println_message,_print_at,new_line,save_cursor,restore_cursor,clear,_print_color_table
third_party/beehave/addons/gdUnit4/src/core/writers/GdUnitMessageWriter.gd	GdUnitMessageWriter	RefCounted	214		color,indent,style,effect,align,reset,prints_warning,prints_error,print_message,println_message,print_at,_print_message,_println_message,_print_at,clear
third_party/beehave/addons/gdUnit4/src/core/writers/GdUnitRichTextMessageWriter.gd	GdUnitRichTextMessageWriter	GdUnitMessageWriter	115		_init,_apply_flags,_print_message,_println_message,_print_at,clear
third_party/beehave/addons/gdUnit4/src/dotnet/GdUnit4CSharpApiLoader.gd	GdUnit4CSharpApiLoader	RefCounted	114		publish_event,instance,api_instance,is_engine_version_supported,is_api_loaded,version,discover_tests,execute,create_test_suite,is_csharp_file
third_party/beehave/addons/gdUnit4/src/doubler/CallableDoubler.gd	CallableDoubler		156		_init,map_func_name,excluded_functions,non_callable_functions,callable_functions,bind,bindv,call,get_bound_arguments,get_bound_arguments_count,get_method,get_object,get_object_id,hash,is_custom,is_null,is_standard,is_valid,rpc,rpc_id,unbind
third_party/beehave/addons/gdUnit4/src/doubler/GdFunctionDoubler.gd		RefCounted	4		
third_party/beehave/addons/gdUnit4/src/doubler/GdUnitClassDoubler.gd	GdUnitClassDoubler	RefCounted	119		check_leaked_instances,load_template,extends_clazz,double_functions,is_invalid_method_descriptior
third_party/beehave/addons/gdUnit4/src/doubler/GdUnitFunctionDoublerBuilder.gd	GdUnitFunctionDoublerBuilder	RefCounted	336		_init,_init,build_func_signature,arguments_full_quilified,argument_name,argument_names,argument_default,build_constructor_arguments,build_arguments,build_super_calls,build_vararg_list,default_return_value,get_enum_default,get_enum_default,is_void_func,with_verify_block,with_prepare_block,with_mocked_return_value,build
third_party/beehave/addons/gdUnit4/src/doubler/GdUnitMockFunctionDoubler.gd	GdUnitMockFunctionDoubler	GdFunctionDoubler	10		double
third_party/beehave/addons/gdUnit4/src/doubler/GdUnitObjectInteractions.gd	GdUnitObjectInteractions	RefCounted	53		verify,verify_no_interactions,verify_no_more_interactions,reset,_is_mock_or_spy,_get_verifier
third_party/beehave/addons/gdUnit4/src/doubler/GdUnitObjectInteractionsVerifier.gd	GdUnitObjectInteractionsVerifier		84		save_function_interaction,is_verify_interactions,do_verify_interactions,verify_interactions,verify_no_interactions,verify_no_more_interactions,reset_interactions
third_party/beehave/addons/gdUnit4/src/doubler/GdUnitSpyFunctionDoubler.gd	GdUnitSpyFunctionDoubler	GdFunctionDoubler	8		double
third_party/beehave/addons/gdUnit4/src/extractors/GdUnitFuncValueExtractor.gd	GdUnitFuncValueExtractor	GdUnitValueExtractor	73		_init,func_names,args,extract_value,_call_func
third_party/beehave/addons/gdUnit4/src/fuzzers/BoolFuzzer.gd	BoolFuzzer	Fuzzer	24		next_value
third_party/beehave/addons/gdUnit4/src/fuzzers/FloatFuzzer.gd	FloatFuzzer	Fuzzer	37		_init,next_value
third_party/beehave/addons/gdUnit4/src/fuzzers/Fuzzer.gd	Fuzzer	RefCounted	80		next_value,iteration_index,iteration_limit
third_party/beehave/addons/gdUnit4/src/fuzzers/IntFuzzer.gd	IntFuzzer	Fuzzer	77		_init,next_value
third_party/beehave/addons/gdUnit4/src/fuzzers/StringFuzzer.gd	StringFuzzer	Fuzzer	112		_init,next_value,_extract_charset,_build_chars
third_party/beehave/addons/gdUnit4/src/fuzzers/Vector2Fuzzer.gd	Vector2Fuzzer	Fuzzer	45		_init,next_value
third_party/beehave/addons/gdUnit4/src/fuzzers/Vector3Fuzzer.gd	Vector3Fuzzer	Fuzzer	48		_init,next_value
third_party/beehave/addons/gdUnit4/src/matchers/AnyArgumentMatcher.gd	AnyArgumentMatcher	GdUnitArgumentMatcher	11		is_match,_to_string
third_party/beehave/addons/gdUnit4/src/matchers/AnyBuildInTypeArgumentMatcher.gd	AnyBuildInTypeArgumentMatcher	GdUnitArgumentMatcher	50		_init,is_match,_to_string
third_party/beehave/addons/gdUnit4/src/matchers/AnyClazzArgumentMatcher.gd	AnyClazzArgumentMatcher	GdUnitArgumentMatcher	32		_init,is_match,_to_string
third_party/beehave/addons/gdUnit4/src/matchers/ChainedArgumentMatcher.gd	ChainedArgumentMatcher	GdUnitArgumentMatcher	22		_init,is_match
third_party/beehave/addons/gdUnit4/src/matchers/EqualsArgumentMatcher.gd	EqualsArgumentMatcher	GdUnitArgumentMatcher	22		_init,is_match,compare_mode
third_party/beehave/addons/gdUnit4/src/matchers/GdUnitArgumentMatcher.gd	GdUnitArgumentMatcher	RefCounted	13		is_match,_to_string
third_party/beehave/addons/gdUnit4/src/matchers/GdUnitArgumentMatchers.gd	GdUnitArgumentMatchers	RefCounted	42		to_matcher,any,by_type,by_types,any_class,is_variant_string_matching
third_party/beehave/addons/gdUnit4/src/mocking/GdUnitMock.gd	GdUnitMock	RefCounted	45		_init,on,checked,_is_mock_or_spy,as_object
third_party/beehave/addons/gdUnit4/src/mocking/GdUnitMockBuilder.gd	GdUnitMockBuilder	GdUnitClassDoubler	186		is_push_errors,build,create_instance,mock_on_scene,get_class_info,mock_on_script,is_mockable,register_auto_free
third_party/beehave/addons/gdUnit4/src/mocking/GdUnitMockImpl.gd	DoubledMockClassSourceClassName		143		_init,__init,__doubler_state,__init_doubler,_notification,__get_verifier,__is_prepare_return_value,__sort_by_argument_matcher,__sort_dictionary,__save_function_return_value,__is_mocked_args_match,__return_mock_value,__is_do_not_call_real_func,__exclude_method_call,__do_return
third_party/beehave/addons/gdUnit4/src/monitor/ErrorLogEntry.gd	ErrorLogEntry	RefCounted	41		_init,_to_string,of_push_warning,of_push_error,of_script_error
third_party/beehave/addons/gdUnit4/src/monitor/GdUnitMonitor.gd	GdUnitMonitor	RefCounted	24		_init,id,start,stop
third_party/beehave/addons/gdUnit4/src/monitor/GdUnitOrphanNodeInfo.gd	GdUnitOrphanNodeInfo	RefCounted	70		_init,as_trace,sub_info,_colored
third_party/beehave/addons/gdUnit4/src/monitor/GdUnitOrphanNodesMonitor.gd	GdUnitOrphanNodesMonitor	GdUnitMonitor	221		_init,add_child_monitor,start,stop,_collect_child_orphan_ids,detected_orphans,orphans_count,collect,_collect_orphan_info,_find_orphan_at_node,_is_frame_file_excluded,_find_orphan_on_backtraces,_get_orphan_node_ids
third_party/beehave/addons/gdUnit4/src/monitor/GodotGdErrorMonitor.gd	GodotGdErrorMonitor	GdUnitMonitor	122		_init,entries,erase_log_entry,_log_error,_log_message,_build_stack_trace,_init,start,stop,log_entries,erase_log_entry,to_reports,_to_report,clear_logs
third_party/beehave/addons/gdUnit4/src/network/GdUnitServer.gd		Node	41		_ready,_on_client_connected,_on_client_disconnected,_receive_rpc_data
third_party/beehave/addons/gdUnit4/src/network/GdUnitServerConstants.gd	GdUnitServerConstants	RefCounted	6		
third_party/beehave/addons/gdUnit4/src/network/GdUnitTask.gd	GdUnitTask	RefCounted	25		_init,name,execute
third_party/beehave/addons/gdUnit4/src/network/GdUnitTcpClient.gd	GdUnitTcpClient	GdUnitTcpNode	126	connection_succeeded,connection_failed	_init,_ready,stop,start,_process,is_client_connected,process_rpc,send,rpc_receive,console,_on_connection_failed,_on_connection_succeeded
third_party/beehave/addons/gdUnit4/src/network/GdUnitTcpNode.gd	GdUnitTcpNode	Node	73		rpc_send,receive_packages,noop
third_party/beehave/addons/gdUnit4/src/network/GdUnitTcpServer.gd	GdUnitTcpServer	Node	140	client_connected,client_disconnected,rpc_data	_init,_ready,close,id,server,_process,disconnect_from_server,console,_init,_ready,_notification,start,stop,disconnect_client,_process,_on_client_connected,_on_client_disconnected,console
third_party/beehave/addons/gdUnit4/src/network/rpc/RPC.gd	RPC	RefCounted	37		_init,get_data,serialize,deserialize
third_party/beehave/addons/gdUnit4/src/network/rpc/RPCClientConnect.gd	RPCClientConnect	RPC	13		with_id,client_id
third_party/beehave/addons/gdUnit4/src/network/rpc/RPCClientDisconnect.gd	RPCClientDisconnect	RPC	13		with_id,client_id
third_party/beehave/addons/gdUnit4/src/network/rpc/RPCGdUnitEvent.gd	RPCGdUnitEvent	RPC	14		of,event,_to_string
third_party/beehave/addons/gdUnit4/src/network/rpc/RPCMessage.gd	RPCMessage	RPC	18		of,message,_to_string
third_party/beehave/addons/gdUnit4/src/reporters/GdUnitReportSummary.gd	GdUnitReportSummary	RefCounted	202		_init,name,path,get_resource_path,suite_count,suite_executed_count,test_count,test_executed_count,success_count,error_count,failure_count,skipped_count,flaky_count,orphan_count,duration,get_reports,add_report,report_state,succes_rate,add_testcase,add_reports,add_testsuite_report,add_testsuite_reports,set_counters,update_testsuite_counters,_update_summary_counters,calculate_state,calculate_succes_rate,create_summary
third_party/beehave/addons/gdUnit4/src/reporters/GdUnitReportWriter.gd	GdUnitReportWriter	RefCounted	12		write,output_format
third_party/beehave/addons/gdUnit4/src/reporters/GdUnitTestCaseReport.gd	GdUnitTestCaseReport	GdUnitReportSummary	47		_init,suite_name,failure_report,add_testcase_reports,set_testcase_counters,get_test_reports
third_party/beehave/addons/gdUnit4/src/reporters/GdUnitTestReporter.gd	GdUnitTestReporter	RefCounted	112		init_summary,init_statistics,add_test_statistics,build_test_suite_statisitcs,get_value,processed_suite_count,total_test_count,total_flaky_count,total_error_count,total_failure_count,total_skipped_count,total_orphan_count,elapsed_time,error_count,failed_count,orphan_nodes,skipped_count,flaky_count
third_party/beehave/addons/gdUnit4/src/reporters/GdUnitTestSuiteReport.gd	GdUnitTestSuiteReport	GdUnitReportSummary	96		_init,failure_report,set_duration,time_stamp,duration,set_skipped,set_orphans,set_failed,set_reports,add_or_create_test_report,_update_testsuite_counters,set_testcase_counters,add_testcase_reports
third_party/beehave/addons/gdUnit4/src/reporters/console/GdUnitConsoleTestReporter.gd	GdUnitConsoleTestReporter		235		_init,init_colors,clear,on_gdunit_event,_print_test_path,_print_status,_print_failure_report,_print_statistics,_print_summary,build_executed_test_suite_msg,build_executed_test_case_msg,print_message,println_message,prints_warning,prints_error,total_test_count,total_error_count,total_failure_count,total_flaky_count,total_skipped_count,total_orphan_count,processed_suite_count,elapsed_time
third_party/beehave/addons/gdUnit4/src/reporters/html/GdUnitByPathReport.gd	GdUnitByPathReport	GdUnitReportSummary	55		_init,sort_reports_by_path,path,create_record,write,apply_testsuite_reports,calculate_summary
third_party/beehave/addons/gdUnit4/src/reporters/html/GdUnitHtmlPatterns.gd	GdUnitHtmlPatterns	RefCounted	219		current_date,build,load_template,normalize_path,create_suite_output_path,create_path_output_path,write_html_file,get_path_as_link,get_report_path,calculate_percentage,html_encoded,create_suite_record,create_test_failure_report,create_suite_failure_report
third_party/beehave/addons/gdUnit4/src/reporters/html/GdUnitHtmlReportWriter.gd	GdUnitHtmlReportWriter	GdUnitReportWriter	63		output_format,write,_apply_path_reports,_apply_testsuite_reports,_write
third_party/beehave/addons/gdUnit4/src/reporters/xml/JUnitXmlReportWriter.gd	JUnitXmlReportWriter	GdUnitReportWriter	143		output_format,write,build_junit_report,build_test_suites,build_test_cases,build_reports,convert_rtf_to_text,to_type,to_time,encode_xml
third_party/beehave/addons/gdUnit4/src/reporters/xml/XmlElement.gd	XmlElement	RefCounted	69		_init,dispose,attribute,text,add_child,add_childs,indentation,to_xml,cdata
third_party/beehave/addons/gdUnit4/src/spy/GdUnitSpyBuilder.gd	GdUnitSpyBuilder	GdUnitClassDoubler	154		build,get_class_info,spy_on_script,spy_on_scene,copy_properties,register_auto_free
third_party/beehave/addons/gdUnit4/src/spy/GdUnitSpyImpl.gd	DoubledSpyClassSourceClassName		46		_init,__init,__doubler_state,__init_doubler,_notification,__get_verifier,__do_call_real_func
third_party/beehave/addons/gdUnit4/src/ui/GdUnitConsole.gd		Control	91		_ready,_notification,setup_update_notification,_on_gdunit_event,_on_gdunit_client_connected,_on_gdunit_client_disconnected,_on_gdunit_message
third_party/beehave/addons/gdUnit4/src/ui/GdUnitFonts.gd	GdUnitFonts	RefCounted	36		init_fonts
third_party/beehave/addons/gdUnit4/src/ui/GdUnitInspector.gd	GdUnitInspecor	Panel	34		_ready,_process
third_party/beehave/addons/gdUnit4/src/ui/GdUnitInspectorTreeConstants.gd	GdUnitInspectorTreeConstants	RefCounted	31		
third_party/beehave/addons/gdUnit4/src/ui/GdUnitUiTools.gd	GdUnitUiTools	RefCounted	151		get_icon,get_flipped_icon,get_spinner,get_color_animated_icon,get_run_overall_icon,get_GDScript_icon,get_CSharpScript_icon,_modulate_texture,_modulate_image,_merge_images,_merge_images_scaled,_flip_image,_to_color
third_party/beehave/addons/gdUnit4/src/ui/ScriptEditorControls.gd	ScriptEditorControls	RefCounted	100		save_an_open_script,save_all_open_script,close_open_editor_scripts,edit_script,_menu_popup,_print_menu
third_party/beehave/addons/gdUnit4/src/ui/menu/GdUnitContextMenuItem.gd	GdUnitContextMenuItem		45		_init,shortcut,is_visible,execute
third_party/beehave/addons/gdUnit4/src/ui/menu/GdUnitEditorFileSystemContextMenuHandler.gd		EditorContextMenuPlugin	45		_init,_popup_menu
third_party/beehave/addons/gdUnit4/src/ui/menu/GdUnitInspectorContextMenu.gd	GdUnitInspectorContextMenu	PopupMenu	63		_ready,_setup_item,disable_items,enable_items,_on_tree_item_mouse_selected,_on_index_pressed
third_party/beehave/addons/gdUnit4/src/ui/menu/GdUnitScriptEditorContextMenuHandler.gd		EditorContextMenuPlugin	38		_init,_popup_menu
third_party/beehave/addons/gdUnit4/src/ui/parts/InspectorMonitor.gd		PanelContainer	54	jump_to_orphan_nodes	_ready,status_changed,_on_gdunit_event,_on_ToolButton_pressed
third_party/beehave/addons/gdUnit4/src/ui/parts/InspectorProgressBar.gd		ProgressBar	49		_ready,update_text,_on_test_counter_changed,is_failed,is_flaky
third_party/beehave/addons/gdUnit4/src/ui/parts/InspectorStatusBar.gd		PanelContainer	209	select_failure_next,select_failure_prevous,select_error_next,select_error_prevous,select_flaky_next,select_flaky_prevous,select_skipped_next,select_skipped_prevous,tree_view_mode_changed	_ready,_set_sort_mode_menu_options,_set_view_mode_menu_options,normalise,status_changed,disable_buttons,_on_gdunit_event,_on_btn_error_up_pressed,_on_btn_error_down_pressed,_on_failure_up_pressed,_on_failure_down_pressed,_on_btn_flaky_up_pressed,_on_btn_flaky_down_pressed,_on_btn_skipped_up_pressed,_on_btn_skipped_down_pressed,_on_btn_tree_sync_pressed,_on_sort_mode_changed,_on_tree_view_mode_changed,_on_settings_changed
third_party/beehave/addons/gdUnit4/src/ui/parts/InspectorToolBar.gd		PanelContainer	104		_ready,_init_buttons,_init_button,_on_inspector_selected,_on_gdunit_event,_on_button_pressed,_on_wiki_pressed,_on_btn_tool_pressed,_on_settings_changed
third_party/beehave/addons/gdUnit4/src/ui/parts/InspectorTreeMainPanel.gd		VSplitContainer	1210	test_counters_changed,tree_item_selected	print_tree_item_ids,_find_tree_item,_find_tree_item_by_id,_find_tree_item_by_test_suite,_find_first_item_by_state,_find_last_item_by_state,_find_item_by_state,is_item_state,is_state_running,is_state_success,is_state_warning,is_state_failed,is_state_error,is_item_state_orphan,is_test_suite,is_test_case,is_folder,is_test_id,disable_test_recovery,_ready,_process,init_tree,cleanup_tree,_free_recursive,sort_tree_items,_sort_tree_items,sort_items_by_name,sort_items_by_execution_time,sort_items_by_original_index,restructure_tree,restructure_tree_to_flat,restructure_tree_to_tree,flatmap_folders,get_parent_folder_path,cleanup_empty_folders,reset_tree_state,select_item,do_collapse_parent,do_collapse_all,set_state_initial,set_state_running,set_state_succeded,set_state_flaky,set_state_skipped,set_state_warnings,set_state_failed,set_state_error,set_state_aborted,set_state_orphan,update_state,add_report,abort_running,_on_select_next_item_by_state,_on_select_previous_item_by_state,select_first_orphan,clear_reports,show_failed_report,update_test_suite,update_test_case,create_item,set_item_icon_by_state,update_item_total_counter,get_total_child_count,update_item_processed_counter,update_progress_counters,recalculate_counters,update_item_elapsed_time_counter,get_icon_by_file_type,on_test_case_discover_added,create_items_tree_mode_tree,create_items_tree_mode_flat,on_test_case_discover_deleted,on_test_case_discover_modified,get_item_reports,get_item_test_line_number,get_item_source_file,get_item_type,_dump_tree_as_json,_to_json,extract_resource_path,collect_test_cases,test_session_start,test_session_stop,_on_tree_item_mouse_selected,_on_Tree_item_selected,_on_Tree_item_activated,_on_gdunit_event,_on_settings_changed
third_party/beehave/addons/gdUnit4/src/ui/settings/GdUnitInputCapture.gd	GdUnitInputCapture	Control	56	input_completed	_ready,reset,_input,_apply_input_modifiers
third_party/beehave/addons/gdUnit4/src/ui/settings/GdUnitSettingsDialog.gd		Window	327		_ready,_sort_by_key,setup_properties,_create_input_element,to_shortcut,to_keys,_to_human_readable,_get_btn_icon,_install_examples,rescan,reimport,check_for_update,_on_btn_report_bug_pressed,_on_btn_request_feature_pressed,_on_btn_install_examples_pressed,_on_btn_close_pressed,_on_btn_property_reset_pressed,_on_property_text_changed,_on_option_selected,_on_shortcut_change,_init_progress,_progress,stop_progress,update_progress
third_party/beehave/addons/gdUnit4/src/ui/settings/GdUnitSettingsTabHooks.gd		ScrollContainer	208		_ready,_update_focus_relations,_create_hook_row,_select_row,_update_hook_description,_update_hook_buttons,_get_hook,_is_system_hook,_on_btn_add_hook_pressed,_on_select_hook_dlg_file_selected,_on_select_hook_dlg_confirmed,_on_btn_delete_hook_pressed,_on_btn_move_up_pressed,_on_btn_move_down_pressed
third_party/beehave/addons/gdUnit4/src/ui/templates/TestSuiteTemplate.gd		MarginContainer	129		_ready,_notification,setup_editor_colors,setup_highlighter,get_editor_color,setup_fonts,setup_supported_types,setup_tags_help,load_template,_on_Restore_pressed,_on_Save_pressed,_on_Tags_pressed,_on_Editor_text_changed,_on_SelectType_item_selected
third_party/beehave/addons/gdUnit4/src/update/GdMarkDownReader.gd		RefCounted	405		regex,_init,set_http_client,_notification,list_replace,code_block,convert_text,convert_code_block,to_bbcode,process_tables,_init,to_bbcode,create_line,_init,parse_row,calculate_max_cell_sizes,to_bbcode,parse_table,is_table,open_table,close_table,extract_cells,process_image_references,process_image,_process_external_image_resources
third_party/beehave/addons/gdUnit4/src/update/GdUnitPatch.gd	GdUnitPatch	RefCounted	20		_init,version,execute
third_party/beehave/addons/gdUnit4/src/update/GdUnitPatcher.gd	GdUnitPatcher	RefCounted	75		scan,_scan,patch_count,execute,_collect_patch_versions,_scan_patches
third_party/beehave/addons/gdUnit4/src/update/GdUnitUpdate.gd		Container	305		_ready,_process,init_progress,setup,update_progress,_colored,message_h4,run_update,patch_uids,remove_uids_from_file,restart_godot,enable_gdUnit,disable_gdUnit,temp_dir,create_temp_dir,copy_directory,extract_zip,download_release,rebuild_project,_on_confirmed,_on_cancel_pressed,_on_update_pressed
third_party/beehave/addons/gdUnit4/src/update/GdUnitUpdateClient.gd		Node	98	request_completed	_init,status,response,get_body,_ready,_notification,request_latest_version,request_releases,request_image,request_zip_package,extract_latest_version,_on_request_completed
third_party/beehave/addons/gdUnit4/src/update/GdUnitUpdateNotify.gd		MarginContainer	206		_ready,request_releases,_colored,message_h4,message,_process,show_update,extract_zip_url,extract_releases,rescan,progressBar,_on_update_pressed,_on_show_next_toggled,_on_cancel_pressed,_on_content_meta_clicked,_on_content_meta_hover_started,_on_content_meta_hover_ended,_on_visibility_changed
third_party/beehave/examples/ColorChangingSprite.gd	ColorChangingSprite		3	color_changed	
third_party/beehave/examples/actions/SetModulateColor.gd		ActionLeaf	31		tick,_finished
third_party/beehave/examples/beehave_test_scene.gd		Node2D	44		_process
third_party/beehave/examples/conditions/HasNegativePosition.gd		ConditionLeaf	9		tick
third_party/beehave/examples/conditions/HasPositivePosition.gd	HasPositivePosition		9		tick
third_party/beehave/examples/random_tree_example/RandomAction.gd	RandomAction		39		_get_random_action,tick
third_party/beehave/examples/random_tree_example/RandomTree.gd		BeehaveTree	69		get_name_suffix,_get_random_node,_make_random_tree,_parse_tree_node,_randomize_tree
third_party/beehave/script_templates/BeehaveNode/default.gd		_BASE_	7		tick
third_party/beehave/test/actions/clear_count_action.gd	ClearCountAction		11		tick
third_party/beehave/test/actions/count_up_action.gd	CountUpAction		21		tick,interrupt
third_party/beehave/test/actions/mock_action.gd	MockAction	ActionLeaf	38	started_running,stopped_running,interrupted	before_run,tick,interrupt,after_run
third_party/beehave/test/actions/no_return_action.gd	NoReturnAction		5		tick
third_party/beehave/test/beehave_tree_test.gd	BeehaveTreeTest	GdUnitTestSuite	228		create_scene,create_tree,test_normal_tick,test_low_tick_rate,test_low_tick_rate_last_tick,test_nothing_running_before_first_tick,test_get_last_condition,test_disabled,test_reenabled,test_interrupt_running_action,test_blackboard_not_initialized,test_duplicated_tree_resolves_own_actor,test_actor_node_path_resolved_when_added_to_tree,test_actor_override,test_manual_mode_does_not_auto_tick,test_manual_mode_can_tick_manually,test_manual_mode_respects_tick_rate,test_manual_mode_can_be_disabled
third_party/beehave/test/before_after_run_test.gd	BeforeAfterRunTest	GdUnitTestSuite	50		before_test,test_action_after_run
third_party/beehave/test/blackboard/blackboard_register_action.gd		ActionLeaf	8		tick
third_party/beehave/test/blackboard/blackboard_test.gd	BlackboardTest	GdUnitTestSuite	117		test_has_value,test_erase_value,test_separate_blackboard_erase_value,test_set_value,test_separate_blackboard_id_value,test_get_default,test_blackboard_shared_between_trees,test_blackboard_property_shared_between_trees,test_separate_blackboards_independent_values
third_party/beehave/test/blackboard/shared_blackboard_scene.gd		Node2D	6		
third_party/beehave/test/composites/mock_composite.gd	MockComposite	Composite	12	interrupted	interrupt,tick
third_party/beehave/test/conditions/value_reached_condition.gd	ValueReachedCondition		12		tick
third_party/beehave/test/debug/debugger_test.gd	DebuggerTest	GdUnitTestSuite	22		create_scene,test_debugger_renders_correctly
third_party/beehave/test/debug/debugger_test_scene.gd		Node2D	10		_ready
third_party/beehave/test/e2e_test.gd	E2ETest	GdUnitTestSuite	31		create_scene,test_changing_to_all_colors
third_party/beehave/test/nodes/composites/selector_random_test.gd	SelectorRandomTest	GdUnitTestSuite	79		before_test,test_always_executing_first_successful_node,test_execute_second_when_first_is_failing,test_random_even_execution,test_return_failure_of_none_is_succeeding,test_clear_running_child_after_run
third_party/beehave/test/nodes/composites/selector_reactive_test.gd	SelectorReactiveTest	GdUnitTestSuite	366		before_test,test_always_executing_first_successful_node,test_execute_second_when_first_is_failing,test_return_failure_of_none_is_succeeding,test_keeps_restarting_child_until_success,test_keeps_restarting_child_until_failure,test_interrupt_second_when_first_is_running,test_clear_running_child_after_run,test_branch_change_detection,test_complex_nested_selector_interruption,test_interrupt_all_children_after_all_failed,test_nested_interrupt_after_all_failed
third_party/beehave/test/nodes/composites/selector_test.gd	SelectorTest	GdUnitTestSuite	471		before_test,test_always_executing_first_successful_node,test_execute_second_when_first_is_failing,test_return_failure_of_none_is_succeeding,test_not_interrupt_second_when_first_is_succeeding,test_not_interrupt_second_when_first_is_running,test_tick_again_when_child_returns_running,test_clear_running_child_after_run,test_not_interrupt_first_after_finished,test_branch_change_resets_cooldown,test_nested_selector_interruption,test_complex_nested_selector_interruption,test_interrupt_all_children_after_all_failed,test_nested_interrupt_after_all_failed,test_interrupt_all_children_after_failure_return
third_party/beehave/test/nodes/composites/sequence_random_test.gd	SequenceRandomTest	GdUnitTestSuite	115		before_test,test_always_executing_first_successful_node,test_execute_second_when_first_is_failing,test_random_even_execution,test_weighted_random_sampling,test_return_failure_of_none_is_succeeding,test_clear_running_child_after_run
third_party/beehave/test/nodes/composites/sequence_reactive_test.gd	SequenceReactiveTest	GdUnitTestSuite	294		before_test,test_always_exexuting_all_successful_nodes,test_never_execute_second_when_first_is_failing,test_keeps_running_child_until_success,test_keeps_running_child_until_failure,test_restart_when_child_returns_failure,test_restart_again_when_child_returns_running,test_interrupt_second_when_first_is_running,test_clear_running_child_after_run,test_branch_change_detection_on_failure,test_nested_sequence_interrupt,test_nested_sequence_child_failure_interrupt
third_party/beehave/test/nodes/composites/sequence_star_test.gd	SequenceStarTest	GdUnitTestSuite	314		before_test,test_always_exexuting_all_successful_nodes,test_never_execute_second_when_first_is_failing,test_keeps_running_child_until_success,test_keeps_running_child_until_failure,test_tick_again_when_child_returns_failure,test_tick_again_when_child_returns_running,test_clear_running_child_after_run,test_branch_change_detection_on_failure,test_branch_change_detection_on_consequent_failure,test_nested_sequence_interrupt,test_nested_sequence_child_failure_interrupt
third_party/beehave/test/nodes/composites/sequence_test.gd	SequenceTest	GdUnitTestSuite	275		before_test,test_always_executing_all_successful_nodes,test_never_execute_second_when_first_is_failing,test_not_interrupt_second_when_first_is_failing,test_not_interrupting_second_when_first_is_running,test_restart_when_child_returns_failure,test_tick_again_when_child_returns_running,test_clear_running_child_after_run,test_not_interrupt_first_after_finished,test_branch_change_detection_on_consequent_failure,test_nested_sequence_interrupt,test_nested_sequence_child_failure_interrupt
third_party/beehave/test/nodes/composites/simple_parallel_test.gd	SimpleParallelTest	GdUnitTestSuite	179		before_test,test_always_return_first_node_result,test_interrupt_second_when_first_is_succeeding,test_interrupt_second_when_first_is_failing,test_continue_tick_when_child_returns_failing,test_child_continue_tick_in_delay_mode,test_child_tick_count,test_nested_simple_parallel
third_party/beehave/test/nodes/decorators/cooldown_test.gd	CooldownDecoratorTest	GdUnitTestSuite	167		before_test,after_test,test_running_then_fail,test_interrupt_propagates_when_actionleaf,test_interrupt_propagates_when_composite,_on_interrupted,test_after_run_called_on_success,test_after_run_called_on_failure,test_after_run_not_called_during_cooldown,test_before_run_only_called_once_per_cooldown,test_cooldown_reset_on_interrupt
third_party/beehave/test/nodes/decorators/delayer_test.gd	DelayDecoratorTest	GdUnitTestSuite	153		before_test,test_return_success_after_delay,test_return_running_after_delay,test_after_run_called_on_success,test_after_run_called_on_failure,test_after_run_not_called_during_delay,test_before_run_only_called_once_per_run,test_delay_reset_on_interrupt
third_party/beehave/test/nodes/decorators/failer_test.gd	FailerTest	GdUnitTestSuite	44		before_test,test_tick,test_clear_running_child_after_run
third_party/beehave/test/nodes/decorators/inverter_test.gd	InverterTest	GdUnitTestSuite	49		before_test,test_invert_success_to_failure,test_invert_failure_to_success,test_clear_running_child_after_run
third_party/beehave/test/nodes/decorators/limiter_test.gd	LimiterTest	GdUnitTestSuite	87		before_test,test_max_count,test_interrupt_after_run,test_clear_running_child_after_run,test_counter_reset_on_interrupt
third_party/beehave/test/nodes/decorators/repeater_test.gd	RepeaterTest	GdUnitTestSuite	115		before_test,after_test,test_repetitions,test_failure,_on_action_started,_on_action_ended,test_counter_reset_on_interrupt
third_party/beehave/test/nodes/decorators/succeeder_test.gd	SucceederTest	GdUnitTestSuite	44		before_test,test_tick,test_clear_running_child_after_run
third_party/beehave/test/nodes/decorators/time_limiter_test.gd	TimeLimitTest	GdUnitTestSuite	85		before_test,test_return_failure_when_child_exceeds_time_limiter,test_reset_when_child_finishes,test_clear_running_child_after_run,test_timer_reset_on_interrupt
third_party/beehave/test/nodes/decorators/until_fail_test.gd	UntilFailDecoratorTest	GdUnitTestSuite	71		before_test,test_failure,test_after_run_called_on_success,test_after_run_called_on_failure,test_after_run_not_called_during_running
third_party/beehave/test/nodes/leaves/actions/blackboard_erase_test.gd	BlackboardEraseActionTest	GdUnitTestSuite	43		before_test,test_erase_existing_key,test_erase_non_existing_key,test_invalid_key_expression
third_party/beehave/test/nodes/leaves/actions/blackboard_set_test.gd	BlackboardSetActionTest	GdUnitTestSuite	66		before_test,test_set_to_constant,test_copy_key,test_invalid_expression,test_set_vector3,test_invalid_key_expression,test_invalid_value_expression
third_party/beehave/test/nodes/leaves/conditions/blackboard_compare_test.gd	BlackboardCompareConditionTest	GdUnitTestSuite	97		before_test,test_comparison_operators,test_blackboard_access,test_invalid_left_operand_expression,test_invalid_right_operand_expression
third_party/beehave/test/nodes/leaves/conditions/blackboard_has_test.gd	BlackboardHasConditionTest	GdUnitTestSuite	65		before_test,test_key_exists,test_variant_key_exists,test_key_exists_but_value_null,test_key_does_not_exist,test_invalid_key_expression,test_invalid_key_expression_wrong_format
third_party/beehave/test/randomized_composites/runtime_changes/RuntimeChangesTestScene.gd		Node2D	10		set_weights
third_party/beehave/test/randomized_composites/runtime_changes/runtime_changes_test.gd	RuntimeChangesTest	GdUnitTestSuite	125		create_scene,create_new_action,test_add_child,test_remove_child,test_rename_child,test_scene_reload
third_party/beehave/test/randomized_composites/weighted_sampling/selector_random/selector_random_weights.gd		Node2D	51		_ready,_process,get_final_results,set_weights
third_party/beehave/test/randomized_composites/weighted_sampling/selector_random/selector_random_weights_test.gd		GdUnitTestSuite	34		create_scene,test_weights_effecting_sample
third_party/beehave/test/randomized_composites/weighted_sampling/sequence_random_weights/sequence_random_weights.gd		Node2D	37	done	set_weights,_on_sequence_reset,get_final_results
third_party/beehave/test/randomized_composites/weighted_sampling/sequence_random_weights/sequence_random_weights_test.gd		GdUnitTestSuite	39		create_scene,test_weights_effecting_sample
third_party/beehave/test/unit_test_scene.gd	UnitTestScene		9		
third_party/godot-demo-projects/2d/bullet_shower/bullets.gd		Node2D	88		_ready,_process,_physics_process,_draw,_exit_tree
third_party/godot-demo-projects/2d/bullet_shower/player.gd		Node2D	37		_ready,_input,_on_body_shape_entered,_on_body_shape_exited
third_party/godot-demo-projects/2d/custom_drawing/animation.gd		Panel	43		_process,_draw
third_party/godot-demo-projects/2d/custom_drawing/animation_slice.gd		Control	38		_draw
third_party/godot-demo-projects/2d/custom_drawing/custom_drawing.gd		Control	14		_on_msaa_2d_item_selected,_on_draw_antialiasing_toggled
third_party/godot-demo-projects/2d/custom_drawing/lines.gd		Panel	89		_draw
third_party/godot-demo-projects/2d/custom_drawing/meshes.gd		Panel	66		_ready,_draw
third_party/godot-demo-projects/2d/custom_drawing/polygons.gd		Panel	126		_draw
third_party/godot-demo-projects/2d/custom_drawing/rectangles.gd		Panel	146		_draw
third_party/godot-demo-projects/2d/custom_drawing/text.gd		Panel	60		_draw
third_party/godot-demo-projects/2d/custom_drawing/textures.gd		Panel	67		_draw
third_party/godot-demo-projects/2d/dodge_the_creeps/hud.gd		CanvasLayer	30	start_game	show_message,show_game_over,update_score,_on_StartButton_pressed,_on_MessageTimer_timeout
third_party/godot-demo-projects/2d/dodge_the_creeps/main.gd		Node	57		game_over,new_game,_on_MobTimer_timeout,_on_ScoreTimer_timeout,_on_StartTimer_timeout
third_party/godot-demo-projects/2d/dodge_the_creeps/mob.gd		RigidBody2D	10		_ready,_on_VisibilityNotifier2D_screen_exited
third_party/godot-demo-projects/2d/dodge_the_creeps/player.gd		Area2D	54	hit	_ready,_process,start,_on_body_entered
third_party/godot-demo-projects/2d/drawable_textures/main.gd		Node	128		_ready,_on_canvas_gui_input,_paint_at,change_brush_color,change_brush_to_godot,_on_size_h_slider_value_changed,_on_cube_button_pressed,_on_sphere_button_pressed
third_party/godot-demo-projects/2d/dynamic_tilemap_layers/level/tile_map.gd		TileMapLayer	51		_ready,_process,_use_tile_data_runtime_update,_tile_data_runtime_update,_on_secret_detector_body_entered,_on_secret_detector_body_exited
third_party/godot-demo-projects/2d/dynamic_tilemap_layers/player/player.gd		CharacterBody2D	32		_physics_process
third_party/godot-demo-projects/2d/finite_state_machine/debug/states_stack_displayer.gd		Panel	16		_process
third_party/godot-demo-projects/2d/finite_state_machine/player/bullet/bullet.gd		CharacterBody2D	23		_ready,_physics_process,_draw
third_party/godot-demo-projects/2d/finite_state_machine/player/bullet/bullet_spawner.gd		Node2D	18		_unhandled_input,fire
third_party/godot-demo-projects/2d/finite_state_machine/player/player_controller.gd		CharacterBody2D	29	direction_changed	take_damage,set_dead,set_look_direction
third_party/godot-demo-projects/2d/finite_state_machine/player/player_state.gd		res://state_machine/state.gd	13		
third_party/godot-demo-projects/2d/finite_state_machine/player/player_state_machine.gd		res://state_machine/state_machine.gd	43		_ready,_change_state,_unhandled_input
third_party/godot-demo-projects/2d/finite_state_machine/player/states/combat/attack.gd		res://player/player_state.gd	8		enter,_on_Sword_attack_finished
third_party/godot-demo-projects/2d/finite_state_machine/player/states/combat/stagger.gd		res://player/player_state.gd	12		enter,_on_animation_finished
third_party/godot-demo-projects/2d/finite_state_machine/player/states/debug/state_name_displayer.gd		Label	14		_ready,_physics_process,_on_StateMachine_state_changed
third_party/godot-demo-projects/2d/finite_state_machine/player/states/die.gd		res://player/player_state.gd	10		enter,_on_animation_finished
third_party/godot-demo-projects/2d/finite_state_machine/player/states/motion/in_air/jump.gd		../motion.gd	72		initialize,enter,update,move_horizontally,animate_jump_height
third_party/godot-demo-projects/2d/finite_state_machine/player/states/motion/motion.gd		res://player/player_state.gd	18		handle_input,get_input_direction,update_look_direction
third_party/godot-demo-projects/2d/finite_state_machine/player/states/motion/on_ground/idle.gd		on_ground.gd	14		enter,handle_input,update
third_party/godot-demo-projects/2d/finite_state_machine/player/states/motion/on_ground/move.gd		on_ground.gd	43		enter,handle_input,update,move
third_party/godot-demo-projects/2d/finite_state_machine/player/states/motion/on_ground/on_ground.gd		../motion.gd	10		handle_input
third_party/godot-demo-projects/2d/finite_state_machine/player/weapon/sword.gd		Area2D	123	attack_finished	_ready,_change_state,_unhandled_input,_physics_process,attack,set_attack_input_listening,set_ready_for_next_attack,_on_body_entered,_on_animation_finished,_on_StateMachine_state_changed
third_party/godot-demo-projects/2d/finite_state_machine/player/weapon/weapon_pivot.gd		Marker2D	16		_ready,_on_Parent_direction_changed
third_party/godot-demo-projects/2d/finite_state_machine/state_machine/state.gd		Node	28	finished	enter,exit,handle_input,update,_on_animation_finished
third_party/godot-demo-projects/2d/finite_state_machine/state_machine/state_machine.gd		Node	84	state_changed	_enter_tree,initialize,set_active,_unhandled_input,_physics_process,_on_animation_finished,_change_state
third_party/godot-demo-projects/2d/glow/beach_cave.gd		Node2D	23		_unhandled_input
third_party/godot-demo-projects/2d/hexagonal_map/troll.gd		CharacterBody2D	16		_physics_process
third_party/godot-demo-projects/2d/instancing/ball_factory.gd		Node2D	19		_unhandled_input,spawn
third_party/godot-demo-projects/2d/isometric/player/goblin.gd		CharacterBody2D	54		_physics_process,update_animation
third_party/godot-demo-projects/2d/kinematic_character/level/princess.gd		Node	5		_on_body_entered
third_party/godot-demo-projects/2d/kinematic_character/player/player.gd		CharacterBody2D	32		_physics_process
third_party/godot-demo-projects/2d/lights_and_shadows/light_shadows.gd		Node2D	17		_input
third_party/godot-demo-projects/2d/navigation/character.gd		CharacterBody2D	38		_ready,_unhandled_input,set_movement_target,_physics_process
third_party/godot-demo-projects/2d/navigation_astar/character.gd		Node2D	74		_ready,_physics_process,_unhandled_input,_move_to,_change_state
third_party/godot-demo-projects/2d/navigation_astar/pathfind_astar.gd		TileMapLayer	89		_ready,_draw,round_local_position,is_point_walkable,clear_path,find_path
third_party/godot-demo-projects/2d/navigation_mesh_chunks/navmesh_chunks_demo_2d.gd		Node2D	121		_ready,create_region_chunks,_process
third_party/godot-demo-projects/2d/particles/pause.gd		Label	39		_ready,_input
third_party/godot-demo-projects/2d/physics_platformer/coin/coin.gd	Coin	Area2D	8		_on_body_enter
third_party/godot-demo-projects/2d/physics_platformer/enemy/enemy.gd	Enemy	RigidBody2D	86		_integrate_forces,_die,_pre_explode,_bullet_collider
third_party/godot-demo-projects/2d/physics_platformer/player/bullet.gd	Bullet	RigidBody2D	15		_ready,disable
third_party/godot-demo-projects/2d/physics_platformer/player/player.gd	Player	RigidBody2D	208		_integrate_forces,_shot_bullet,_spawn_enemy_above
third_party/godot-demo-projects/2d/physics_tests/test.gd	Test	Node2D	143	wait_done	_draw,_enter_tree,_physics_process,add_line,add_circle,add_shape,clear_drawn_nodes,create_rigidbody,create_rigidbody_box,find_node,start_timer,cancel_timer,is_timer_canceled,wait_for_physics_ticks,_on_timer_done
third_party/godot-demo-projects/2d/physics_tests/tests/functional/solver/body_spawner.gd		Node2D	46		_sum,_ready,spawn_body,_on_screen_exited,_on_spawn_timer_timeout
third_party/godot-demo-projects/2d/physics_tests/tests/functional/solver/rain_spawner.gd		Node2D	47		_ready,spawn_circle_body,_on_screen_exited,_on_spawn_timer_timeout
third_party/godot-demo-projects/2d/physics_tests/tests/functional/test_character.gd	TestCharacter	Test	214		_ready,_process,_input,_exit_tree,_on_option_selected,_on_option_changed,_update_floor_max_angle,_start_test
third_party/godot-demo-projects/2d/physics_tests/tests/functional/test_character_pixels.gd		TestCharacter	156		_ready,_physics_process,_input,_on_option_selected,_start_test_case,_test_all,_set_result,_start_test
third_party/godot-demo-projects/2d/physics_tests/tests/functional/test_character_tilemap.gd		TestCharacter	212		_ready,_input,_on_option_selected,_start_test_case,_test_all,_set_result,_start_test,_start_jump_one_way,_start_fall_one_way,_finalize_jump_one_way,_finalize_fall_one_way
third_party/godot-demo-projects/2d/physics_tests/tests/functional/test_collision_pairs.gd		Test	206		_ready,_input,_physics_process,set_h_offset,set_v_offset,_initialize_collision_shapes,_do_collision_test,_add_collision,_on_option_selected,_find_type_index,_on_option_changed,_find_shape_node
third_party/godot-demo-projects/2d/physics_tests/tests/functional/test_joints.gd		Test	140		_ready,_process,_input,_on_option_selected,_on_option_changed,_create_joint
third_party/godot-demo-projects/2d/physics_tests/tests/functional/test_one_way_collision.gd		Test	527	all_tests_done,test_done	_ready,_process,_physics_process,_input,_exit_tree,_update_platform_size,_update_platform_angle,_update_rigidbody_angle,_on_option_selected,_start_test_case,_wait_for_test,_test_all_rigid_body,_test_all_character_body,_test_moving_platform,_test_all,_start_test,_reset_test,_next_test,_on_contact_detected,_on_target_entered,_should_collide,_on_timeout,_set_result
third_party/godot-demo-projects/2d/physics_tests/tests/functional/test_pyramid.gd		Test	41		_ready,_create_pyramid
third_party/godot-demo-projects/2d/physics_tests/tests/functional/test_raycasting.gd		Test	99		_ready,_physics_process,_on_option_changed,_add_raycast
third_party/godot-demo-projects/2d/physics_tests/tests/functional/test_stack.gd		Test	39		_ready,_create_stack
third_party/godot-demo-projects/2d/physics_tests/tests/performance/test_perf_broadphase.gd		Test	155		_ready,_exit_tree,_physics_process,_log_physics_start,_log_physics_stop,_create_objects,_add_objects,_move_objects,_remove_objects
third_party/godot-demo-projects/2d/physics_tests/tests/performance/test_perf_contacts.gd		Test	206		_ready,_physics_process,_log_physics_start,_log_physics_stop,_exit_tree,_on_option_selected,_find_type_index,_start_type,_start_all_types,_spawn_objects,_activate_objects,_despawn_objects
third_party/godot-demo-projects/2d/physics_tests/tests.gd		Node	163		_ready,_on_ticks_per_second_value_changed,_on_time_scale_value_changed,_on_max_steps_per_frame_value_changed,_on_solver_iterations_value_changed,_on_contact_bias_value_changed,_on_constraint_bias_value_changed,_on_physics_interpolation_toggled,_get_default_options
third_party/godot-demo-projects/2d/physics_tests/tests_menu.gd		OptionMenu	60		_ready,_process,add_test,start_test_from_scene,_on_option_selected,_start_test
third_party/godot-demo-projects/2d/physics_tests/utils/characterbody_controller.gd		CharacterBody2D	60		_physics_process
third_party/godot-demo-projects/2d/physics_tests/utils/container_log.gd		Control	39		_enter_tree,_exit_tree,clear,_on_log_entry
third_party/godot-demo-projects/2d/physics_tests/utils/label_engine.gd		Label	13		_ready
third_party/godot-demo-projects/2d/physics_tests/utils/label_fps.gd		Label	4		_process
third_party/godot-demo-projects/2d/physics_tests/utils/label_frames.gd		Label	20		reset,_ready,_process,_physics_process
third_party/godot-demo-projects/2d/physics_tests/utils/label_pause.gd		Label	5		_process
third_party/godot-demo-projects/2d/physics_tests/utils/label_slider_value.gd		Label	7		_process
third_party/godot-demo-projects/2d/physics_tests/utils/label_test.gd		Label	12		_ready
third_party/godot-demo-projects/2d/physics_tests/utils/label_version.gd		Label	4		_ready
third_party/godot-demo-projects/2d/physics_tests/utils/option_menu.gd	OptionMenu	MenuButton	70	option_selected,option_changed	add_menu_item,_add_item,_add_popup,_on_item_pressed
third_party/godot-demo-projects/2d/physics_tests/utils/rigidbody_controller.gd		RigidBody2D	74		_ready,_physics_process,_integrate_forces,is_on_floor
third_party/godot-demo-projects/2d/physics_tests/utils/rigidbody_pick.gd		RigidBody2D	31		_ready,_input,_input_event,_physics_process
third_party/godot-demo-projects/2d/physics_tests/utils/scroll_log.gd		ScrollContainer	22		_ready,_process,_on_scrolling,_on_check_box_scroll_toggled
third_party/godot-demo-projects/2d/physics_tests/utils/slider.gd		HSlider	11		_process
third_party/godot-demo-projects/2d/physics_tests/utils/system.gd		Node	82		_enter_tree,_process,_physics_process,_pause,_unpause,get_physics_engine,_set_debug_collision_enabled,_is_debug_collision_enabled
third_party/godot-demo-projects/2d/physics_tests/utils/system_log.gd		Node	18	entry_logged	print_log,print_error
third_party/godot-demo-projects/2d/platformer/enemy/enemy.gd	Enemy	CharacterBody2D	59		_physics_process,destroy,get_new_animation
third_party/godot-demo-projects/2d/platformer/game.gd	Game	Node	25		_unhandled_input
third_party/godot-demo-projects/2d/platformer/game_splitscreen.gd		Game	10		_ready
third_party/godot-demo-projects/2d/platformer/gui/coins_counter.gd	CoinsCounter	Panel	16		_ready,collect_coin
third_party/godot-demo-projects/2d/platformer/gui/pause_menu.gd	PauseMenu	Control	78		_ready,close,open,_on_coin_collected,_on_resume_button_pressed,_on_singleplayer_button_pressed,_on_splitscreen_button_pressed,_on_quit_button_pressed
third_party/godot-demo-projects/2d/platformer/level/coin.gd	Coin	Area2D	11		_on_body_entered
third_party/godot-demo-projects/2d/platformer/level/level.gd		Node2D	16		_ready
third_party/godot-demo-projects/2d/platformer/player/bullet.gd	Bullet	RigidBody2D	14		destroy,_on_body_entered
third_party/godot-demo-projects/2d/platformer/player/gun.gd	Gun	Marker2D	25		shoot
third_party/godot-demo-projects/2d/platformer/player/player.gd	Player	CharacterBody2D	89	coin_collected	_physics_process,get_new_animation,try_jump
third_party/godot-demo-projects/2d/polygons_lines/polygons_lines.gd		Node2D	11		_ready,_on_msaa_option_button_item_selected
third_party/godot-demo-projects/2d/pong/logic/ball.gd		Area2D	18		_process,reset
third_party/godot-demo-projects/2d/pong/logic/ceiling_floor.gd		Area2D	7		_on_area_entered
third_party/godot-demo-projects/2d/pong/logic/paddle.gd		Area2D	30		_ready,_process,_on_area_entered
third_party/godot-demo-projects/2d/pong/logic/wall.gd		Area2D	6		_on_wall_area_entered
third_party/godot-demo-projects/2d/role_playing_game/combat/combat.gd		Node	52	combat_finished	_ready,_on_flee,initialize,clear_combat,finish_combat,_on_combatant_death
third_party/godot-demo-projects/2d/role_playing_game/combat/combatants/combatant.gd	Combatant	Node	40	turn_finished	set_active,attack,defend,flee,take_damage
third_party/godot-demo-projects/2d/role_playing_game/combat/combatants/health.gd		Node	31	dead,health_changed	_ready,take_damage,heal,get_health_ratio
third_party/godot-demo-projects/2d/role_playing_game/combat/combatants/opponent.gd		Combatant	20		set_active
third_party/godot-demo-projects/2d/role_playing_game/combat/interface/ui.gd		Control	46	flee	initialize,_on_Attack_button_up,_on_Defend_button_up,_on_Flee_button_up
third_party/godot-demo-projects/2d/role_playing_game/combat/turn_queue.gd		Node	52	active_combatant_changed	initialize,play_turn,get_next_in_queue,remove,set_queue,_set_active_combatant
third_party/godot-demo-projects/2d/role_playing_game/dialogue/dialogue_player/dialogue_player.gd		Node	44	dialogue_started,dialogue_finished	start_dialogue,next_dialogue,index_dialogue,load_dialogue
third_party/godot-demo-projects/2d/role_playing_game/dialogue/interface/interface.gd		Control	40		_ready,show_dialogue,_on_Button_button_up,_on_dialogue_finished
third_party/godot-demo-projects/2d/role_playing_game/game.gd		Node	57		_ready,start_combat,_on_opponent_dialogue_finished,_on_combat_finished
third_party/godot-demo-projects/2d/role_playing_game/grid_movement/grid/grid.gd	Grid	TileMapLayer	47		_ready,get_cell_pawn,request_move
third_party/godot-demo-projects/2d/role_playing_game/grid_movement/pawns/opponent.gd		Walker	5		_ready
third_party/godot-demo-projects/2d/role_playing_game/grid_movement/pawns/pawn.gd	Pawn	Node2D	17		set_active
third_party/godot-demo-projects/2d/role_playing_game/grid_movement/pawns/player.gd		Walker	21		_process,get_input_direction
third_party/godot-demo-projects/2d/role_playing_game/grid_movement/pawns/walker.gd	Walker	Pawn	54		_ready,update_look_direction,move_to,bump
third_party/godot-demo-projects/2d/screen_space_shaders/screen_shaders.gd		Control	28		_ready,_on_picture_item_selected,_on_effect_item_selected
third_party/godot-demo-projects/2d/skeleton/level/level.gd		Node2D	10		_ready
third_party/godot-demo-projects/2d/skeleton/player/player.gd	Player	CharacterBody2D	102		_ready,_physics_process,try_jump
third_party/godot-demo-projects/2d/tween/main.gd		Node	205		_process,start_animation,do_countdown,reset,is_step_enabled,pause_resume,kill_tween,speed_changed,infinite_toggled
third_party/godot-demo-projects/3d/antialiasing/anti_aliasing.gd		Node	177		_ready,_unhandled_input,_process,_on_previous_pressed,_on_next_pressed,update_gui,_on_msaa_item_selected,_on_fps_limit_scale_value_changed,_on_render_scale_value_changed,_on_amd_fidelityfx_fsr1_toggled,_on_fsr_sharpness_item_selected,_on_viewport_size_changed,_on_v_sync_item_selected,_on_taa_item_selected,_on_screen_space_aa_item_selected
third_party/godot-demo-projects/3d/csg/csg.gd		Node	78		_ready,_unhandled_input,_process,_on_previous_pressed,_on_next_pressed,update_gui
third_party/godot-demo-projects/3d/decals/tester.gd		WorldEnvironment	89		_ready,_unhandled_input,_process,_on_previous_pressed,_on_next_pressed,update_gui,_on_decal_filter_mode_item_selected
third_party/godot-demo-projects/3d/global_illumination/camera.gd		Camera3D	45		_ready,_input,_process
third_party/godot-demo-projects/3d/global_illumination/test.gd		Node3D	272		_ready,_input,_physics_process,set_gi_mode,set_reflection_probe_mode,set_ssil_mode
third_party/godot-demo-projects/3d/graphics_settings/settings.gd		Control	494		_ready,_process,update_resolution_label,_on_HideShowButton_toggled,_on_ui_scale_option_button_item_selected,_on_quality_slider_value_changed,_on_filter_option_button_item_selected,_on_fsr_sharpness_slider_value_changed,_on_vsync_option_button_item_selected,_on_fps_limit_slider_value_changed,_on_msaa_option_button_item_selected,_on_taa_option_button_item_selected,_on_screen_space_aa_option_button_item_selected,_on_fullscreen_option_button_item_selected,_on_fov_slider_value_changed,_on_shadow_size_option_button_item_selected,_on_shadow_filter_option_button_item_selected,_on_mesh_lod_option_button_item_selected,_on_ss_reflections_option_button_item_selected,_on_ssao_option_button_item_selected,_on_ssil_option_button_item_selected,_on_sdfgi_option_button_item_selected,_on_glow_option_button_item_selected,_on_volumetric_fog_option_button_item_selected,_on_brightness_slider_value_changed,_on_contrast_slider_value_changed,_on_saturation_slider_value_changed,_on_very_low_preset_pressed,_on_low_preset_pressed,_on_medium_preset_pressed,_on_high_preset_pressed,_on_ultra_preset_pressed,update_preset,mark_as_unsupported
third_party/godot-demo-projects/3d/ik/addons/sade/ik_fabrik.gd		Node3D	461		_ready,_process,_physics_process,_notification,update_skeleton,solve_chain,chain_backward,chain_forward,chain_apply_rotation,get_bone_transform,set_bone_transform,_make_editor_sphere_at_node,_make_bone_nodes
third_party/godot-demo-projects/3d/ik/addons/sade/ik_look_at.gd		Node3D	214		_ready,_process,_physics_process,_notification,update_skeleton,_setup_for_editor,_setup_skeleton_path
third_party/godot-demo-projects/3d/ik/addons/sade/plugin_main.gd		EditorPlugin	13		_enter_tree,_exit_tree
third_party/godot-demo-projects/3d/ik/button_change_scene.gd		Button	12		_ready,change_scene
third_party/godot-demo-projects/3d/ik/fps/example_player.gd		CharacterBody3D	224		_ready,_physics_process,process_input,process_movement,_input,animation_finished
third_party/godot-demo-projects/3d/ik/fps/simple_bullet.gd		RigidBody3D	16		_ready,_physics_process
third_party/godot-demo-projects/3d/ik/skeleton_ik_runner.gd		SkeletonIK3D	4		_ready
third_party/godot-demo-projects/3d/ik/target_from_mousepos.gd		Camera3D	19		_process
third_party/godot-demo-projects/3d/kinematic_character/player/cubio.gd		CharacterBody3D	71		_physics_process,_on_tcube_body_entered
third_party/godot-demo-projects/3d/kinematic_character/player/follow_camera.gd		Camera3D	46		_ready,_physics_process
third_party/godot-demo-projects/3d/labels_and_texts/3d_labels_and_texts.gd		Node	78		_ready,_unhandled_input,_process,_on_previous_pressed,_on_next_pressed,update_gui,_on_line_edit_text_submitted
third_party/godot-demo-projects/3d/labels_and_texts/label_3d_layout.gd		Node3D	67		_ready,_process,_on_line_edit_text_changed,set_health
third_party/godot-demo-projects/3d/lights_and_shadows/day_night_cycle.gd		DirectionalLight3D	5		_process
third_party/godot-demo-projects/3d/lights_and_shadows/spin.gd		Node3D	11		_process
third_party/godot-demo-projects/3d/lights_and_shadows/tester.gd		WorldEnvironment	108		_ready,_unhandled_input,_process,_on_previous_pressed,_on_next_pressed,update_gui,_on_enable_sun_toggled,_on_animate_lights_toggled,_on_shadow_resolution_item_selected,_on_shadow_filter_quality_item_selected,_on_projector_filter_mode_item_selected
third_party/godot-demo-projects/3d/material_testers/tester.gd		Node3D	125		_ready,_unhandled_input,_process,_on_previous_pressed,_on_next_pressed,update_gui,_on_bg_item_selected,_on_reflection_probes_item_selected,_on_quit_pressed
third_party/godot-demo-projects/3d/navigation/character.gd		Marker3D	44		_ready,_physics_process,set_target_position
third_party/godot-demo-projects/3d/navigation/line3d.gd	Line3D	MeshInstance3D	22		_ready,draw_path
third_party/godot-demo-projects/3d/navigation/navmesh.gd		Node3D	30		_unhandled_input
third_party/godot-demo-projects/3d/navigation_mesh_chunks/navmesh_chhunks_demo_3d.gd		Node3D	128		_ready,create_region_chunks,_process
third_party/godot-demo-projects/3d/occlusion_culling_mesh_lod/camera.gd		Camera3D	44		_ready,_input,_process
third_party/godot-demo-projects/3d/occlusion_culling_mesh_lod/door.gd		Node3D	29		_input,_on_animation_player_animation_finished
third_party/godot-demo-projects/3d/occlusion_culling_mesh_lod/node_3d.gd		Node3D	56		_input,_process,update_labels,get_draw_mode_string
third_party/godot-demo-projects/3d/particles/tester.gd		WorldEnvironment	68		_ready,_unhandled_input,_process,_on_previous_pressed,_on_next_pressed,update_gui
third_party/godot-demo-projects/3d/physical_light_camera_units/options.gd		Control	117		get_color_from_temperature,_on_time_of_day_value_changed,_on_sun_intensity_value_changed,_on_lightbulb1_intensity_value_changed,_on_lightbulb1_temperature_value_changed,_on_lightbulb2_intensity_value_changed,_on_lightbulb2_temperature_value_changed,_on_focus_distance_value_changed,_on_focal_length_value_changed,_on_aperture_value_changed,_on_shutter_speed_value_changed,_on_sensitivity_value_changed,_on_autoexposure_speed_value_changed,_on_sdfgi_button_toggled
third_party/godot-demo-projects/3d/physics_interpolation/bullet.gd		RigidBody3D	27		_ready,_physics_process,_on_timer_timeout
third_party/godot-demo-projects/3d/physics_interpolation/player.gd		CharacterBody3D	202		_ready,_input,_update_camera,cycle_camera_type,_process,_physics_process
third_party/godot-demo-projects/3d/physics_tests/test.gd	Test	Node	127	wait_done	_enter_tree,_physics_process,add_sphere,add_shape,clear_drawn_nodes,create_rigidbody,create_rigidbody_box,start_timer,cancel_timer,is_timer_canceled,wait_for_physics_ticks,_on_timer_done
third_party/godot-demo-projects/3d/physics_tests/tests/functional/test_collision_pairs.gd		Test	209		_ready,_input,_physics_process,set_x_offset,set_y_offset,set_z_offset,_initialize_collision_shapes,_do_collision_test,_add_collision,_on_option_selected,_find_type_index,_on_option_changed,_find_shape_node
third_party/godot-demo-projects/3d/physics_tests/tests/functional/test_joints.gd		Test	140		_ready,_process,_input,_on_option_selected,_on_option_changed,_create_joint
third_party/godot-demo-projects/3d/physics_tests/tests/functional/test_moving_platform.gd		Test	176		_ready,_input,_on_option_selected,_on_option_changed,spawn_body_index,spawn_body_key,init_body,start_test,get_packed_scene
third_party/godot-demo-projects/3d/physics_tests/tests/functional/test_pyramid.gd		Test	51		_ready,_create_pyramid
third_party/godot-demo-projects/3d/physics_tests/tests/functional/test_raycasting.gd		Test	104		_ready,_physics_process,_on_option_changed,_add_raycast
third_party/godot-demo-projects/3d/physics_tests/tests/functional/test_rigidbody_ground_check.gd		Test	81		_ready,_on_option_selected,restart_scene,get_packed_scene
third_party/godot-demo-projects/3d/physics_tests/tests/functional/test_stack.gd		Test	46		_ready,_create_stack
third_party/godot-demo-projects/3d/physics_tests/tests/performance/test_perf_broadphase.gd		Test	163		_ready,_exit_tree,_physics_process,_log_physics_start,_log_physics_stop,_create_objects,_add_objects,_move_objects,_remove_objects
third_party/godot-demo-projects/3d/physics_tests/tests/performance/test_perf_contacts.gd		Test	198		_ready,_exit_tree,_physics_process,_log_physics_start,_log_physics_stop,_on_option_selected,_find_type_index,_start_type,_start_all_types,_spawn_objects,_activate_objects,_despawn_objects
third_party/godot-demo-projects/3d/physics_tests/tests.gd		Node	149		_ready,_on_ticks_per_second_value_changed,_on_time_scale_value_changed,_on_max_steps_per_frame_value_changed,_on_solver_iterations_value_changed,_on_contact_bias_value_changed,_on_physics_interpolation_toggled,_get_default_options
third_party/godot-demo-projects/3d/physics_tests/tests_menu.gd		OptionMenu	60		_ready,_process,add_test,start_test_from_scene,_on_option_selected,_start_test
third_party/godot-demo-projects/3d/physics_tests/utils/camera_orbit.gd		Camera3D	34		_ready,_unhandled_input,_initialize_pivot
third_party/godot-demo-projects/3d/physics_tests/utils/characterbody_physics.gd		CharacterBody3D	18		_physics_process
third_party/godot-demo-projects/3d/physics_tests/utils/container_log.gd		Control	41		_enter_tree,_exit_tree,clear,_on_log_entry
third_party/godot-demo-projects/3d/physics_tests/utils/control3d.gd		Control	30		_ready,_process
third_party/godot-demo-projects/3d/physics_tests/utils/label_engine.gd		Label	15		_ready
third_party/godot-demo-projects/3d/physics_tests/utils/label_fps.gd		Label	5		_process
third_party/godot-demo-projects/3d/physics_tests/utils/label_frames.gd		Label	20		reset,_ready,_process,_physics_process
third_party/godot-demo-projects/3d/physics_tests/utils/label_pause.gd		Label	5		_process
third_party/godot-demo-projects/3d/physics_tests/utils/label_test.gd		Label	13		_ready
third_party/godot-demo-projects/3d/physics_tests/utils/label_version.gd		Label	5		_process
third_party/godot-demo-projects/3d/physics_tests/utils/max_steps_per_frame.gd		HBoxContainer	6		_on_h_slider_value_changed
third_party/godot-demo-projects/3d/physics_tests/utils/option_menu.gd	OptionMenu	MenuButton	60	option_selected,option_changed	add_menu_item,_add_item,_add_popup,_on_item_pressed
third_party/godot-demo-projects/3d/physics_tests/utils/physics_interpolation.gd		CheckButton	5		_on_check_button_toggled
third_party/godot-demo-projects/3d/physics_tests/utils/rigidbody_ground_check.gd		RigidBody3D	49		_ready,_process,_integrate_forces,ground_check
third_party/godot-demo-projects/3d/physics_tests/utils/rigidbody_pick.gd		RigidBody3D	55		_ready,_input,_input_event,_physics_process
third_party/godot-demo-projects/3d/physics_tests/utils/scroll_log.gd		ScrollContainer	14		_process,_on_check_box_scroll_toggled
third_party/godot-demo-projects/3d/physics_tests/utils/system.gd		Node	85		_enter_tree,_process,_physics_process,_pause,_unpause,get_physics_engine,_set_debug_collision_enabled,_is_debug_collision_enabled
third_party/godot-demo-projects/3d/physics_tests/utils/system_log.gd		Node	20	entry_logged	print_log,print_error
third_party/godot-demo-projects/3d/physics_tests/utils/ticks_per_second.gd		HBoxContainer	6		_on_h_slider_value_changed
third_party/godot-demo-projects/3d/physics_tests/utils/time_scale.gd		HBoxContainer	8		_on_h_slider_value_changed
third_party/godot-demo-projects/3d/platformer/coin/coin.gd		Area3D	13		_on_coin_body_enter
third_party/godot-demo-projects/3d/platformer/enemy/enemy.gd		RigidBody3D	85		_integrate_forces,_die
third_party/godot-demo-projects/3d/platformer/player/bullet/bullet.gd	Bullet	RigidBody3D	6		
third_party/godot-demo-projects/3d/platformer/player/follow_camera.gd		Camera3D	91		_ready,_physics_process
third_party/godot-demo-projects/3d/platformer/player/player.gd	Player	CharacterBody3D	205		_physics_process,adjust_facing
third_party/godot-demo-projects/3d/platformer/stage/stage.gd		Node3D	14		_ready
third_party/godot-demo-projects/3d/platformer/touch_screen_ui/virtual_joystick/virtual_joystick.gd	VirtualJoystickAddon	Control	175		_ready,_input,_move_base,_move_tip,_is_point_inside_joystick_area,_get_base_radius,_is_point_inside_base,_update_joystick,_reset
third_party/godot-demo-projects/3d/platformer/touch_screen_ui.gd		CanvasLayer	7		_ready
third_party/godot-demo-projects/3d/procedural_materials/loading.gd		Control	13		_ready
third_party/godot-demo-projects/3d/procedural_materials/scripts/grid.gd		MeshInstance3D	39		_ready
third_party/godot-demo-projects/3d/procedural_materials/tester.gd		WorldEnvironment	82		_ready,_unhandled_input,_process,_on_previous_pressed,_on_next_pressed,update_gui
third_party/godot-demo-projects/3d/ragdoll_physics/characters/mannequiny_ragdoll.gd		Node3D	36		_ready,_physics_process
third_party/godot-demo-projects/3d/ragdoll_physics/ragdoll_physics.gd		Node3D	63		_unhandled_input
third_party/godot-demo-projects/3d/rigidbody_character/level.gd		Node3D	9		_on_SpawnTimer_timeout
third_party/godot-demo-projects/3d/rigidbody_character/player/cubio.gd		RigidBody3D	51		_physics_process,on_ground,_on_tcube_body_entered
third_party/godot-demo-projects/3d/rigidbody_character/player/follow_camera.gd		Camera3D	41		_ready,_physics_process
third_party/godot-demo-projects/3d/sky_shaders/main.gd		Node3D	123		_ready,_process,_input,_on_time_of_day_value_changed,_on_speed_minus_pressed,_on_speed_plus_pressed,update_speed_label,_on_cloud_coverage_value_changed,_on_cloud_density_value_changed,_on_process_mode_item_selected,_on_radiance_size_item_selected
third_party/godot-demo-projects/3d/sky_shaders/spheres.gd		Node3D	20		_ready
third_party/godot-demo-projects/3d/soft_body_physics/tester.gd		WorldEnvironment	214		_ready,_unhandled_input,_process,_physics_process,_on_previous_pressed,_on_next_pressed,update_gui,_on_central_impulse_timer_timeout,_on_per_point_impulse_timer_timeout
third_party/godot-demo-projects/3d/sprites/scripts/3d_sprites.gd		Node	70		_ready,_unhandled_input,_process,_on_previous_pressed,_on_next_pressed,update_gui
third_party/godot-demo-projects/3d/sprites/scripts/player.gd		Node3D	27		_process
third_party/godot-demo-projects/3d/sprites/scripts/sprite_rotate.gd		Sprite3D	7		_process
third_party/godot-demo-projects/3d/squash_the_creeps/Main.gd		Node	47		_ready,_unhandled_input,_on_mob_timer_timeout,_on_player_hit
third_party/godot-demo-projects/3d/squash_the_creeps/Mob.gd		CharacterBody3D	41	squashed	_physics_process,initialize,squash,_on_visible_on_screen_notifier_screen_exited
third_party/godot-demo-projects/3d/squash_the_creeps/Player.gd		CharacterBody3D	74	hit	_physics_process,die,_on_MobDetector_body_entered
third_party/godot-demo-projects/3d/squash_the_creeps/ScoreLabel.gd		Label	7		_on_Mob_squashed
third_party/godot-demo-projects/3d/tonemap_color_correction/gradients/gradient_bars.gd	GradientBars		21		set_num_steps,set_color
third_party/godot-demo-projects/3d/tonemap_color_correction/gradients/gradients_controls.gd		Node	46		_ready,_on_steps_value_changed,_on_color_picker_button_color_changed,_on_exponential_toggled
third_party/godot-demo-projects/3d/tonemap_color_correction/neutral_luts/3d/create_neutral_3d_luts.gd		EditorScript	47		create_neutral_lut,_run
third_party/godot-demo-projects/3d/tonemap_color_correction/options.gd		VBoxContainer	101		_ready,_on_scene_option_button_item_selected,_on_tonemap_mode_item_selected,_on_exposure_value_changed,_on_whitepoint_value_changed,_on_color_correction_item_selected,_on_saturation_value_changed,_on_debanding_toggled
third_party/godot-demo-projects/3d/tonemap_color_correction/test_scene.gd	TestScene		3		
third_party/godot-demo-projects/3d/truck_town/car_select/car_select.gd		Control	94		_ready,_process,focus_first_car,_load_scene,_on_back_pressed,_on_mini_van_pressed,_on_trailer_truck_pressed,_on_tow_truck_pressed,_on_mute_toggled,_on_volume_value_changed
third_party/godot-demo-projects/3d/truck_town/speedometer.gd		Button	30		_process,_on_speedometer_pressed
third_party/godot-demo-projects/3d/truck_town/town/town_scene.gd		Node3D	122		setup,_ready,_input,set_mood
third_party/godot-demo-projects/3d/truck_town/vehicles/follow_camera.gd		Camera3D	95		_ready,_input,_physics_process,update_camera
third_party/godot-demo-projects/3d/truck_town/vehicles/vehicle.gd		VehicleBody3D	124		_ready,_physics_process,_input,toggle_headlights
third_party/godot-demo-projects/3d/variable_rate_shading/information.gd		VBoxContainer	14		_ready,_process,_on_viewport_size_changed
third_party/godot-demo-projects/3d/variable_rate_shading/vrs.gd		Node3D	65		_set_xr_mode,_update_texture,_ready,_on_option_button_item_selected
third_party/godot-demo-projects/3d/visibility_ranges/camera.gd		Camera3D	43		_ready,_input,_process
third_party/godot-demo-projects/3d/visibility_ranges/fps_label.gd		Label	6		_process
third_party/godot-demo-projects/3d/visibility_ranges/tree_clusters.gd		Node3D	85		_ready,_input
third_party/godot-demo-projects/3d/volumetric_fog/camera.gd		Camera3D	92		_ready,_process,_input,update_label
third_party/godot-demo-projects/3d/voxel/menu/debug.gd		Label	28		_process,_cardinal_string_from_radians
third_party/godot-demo-projects/3d/voxel/menu/ingame/pause_menu.gd		Control	38		_process,_on_Resume_pressed,_on_Options_pressed,_on_MainMenu_pressed,_on_Exit_pressed
third_party/godot-demo-projects/3d/voxel/menu/main/main_menu.gd		Control	35		_on_Start_pressed,_on_Options_pressed,_on_Exit_pressed,_on_RandomBlocks_pressed,_on_FlatGrass_pressed,_on_BackToTitle_pressed
third_party/godot-demo-projects/3d/voxel/menu/main/splash_text.gd		Control	7		_process
third_party/godot-demo-projects/3d/voxel/menu/options/option_buttons.gd		Control	22		_ready,_on_RenderDistanceSlider_value_changed,_on_FogCheckBox_pressed
third_party/godot-demo-projects/3d/voxel/menu/options/options.gd		Control	7		_on_Back_pressed
third_party/godot-demo-projects/3d/voxel/player/player.gd		CharacterBody3D	130		_ready,_process,_physics_process,_input,chunk_pos
third_party/godot-demo-projects/3d/voxel/settings.gd		Node	31		_enter_tree,save_settings
third_party/godot-demo-projects/3d/voxel/world/chunk.gd	Chunk	StaticBody3D	252		_init,_notification,try_initial_generate_mesh,regenerate,_generate_chunk_collider,_generate_chunk_mesh,_draw_block_mesh,_draw_block_face,_create_block_collider,calculate_block_uvs,calculate_block_verts,is_block_transparent
third_party/godot-demo-projects/3d/voxel/world/environment.gd		WorldEnvironment	12		_process
third_party/godot-demo-projects/3d/voxel/world/terrain_generator.gd	TerrainGenerator	Resource	43		empty,random_blocks,flat,origin_grass
third_party/godot-demo-projects/3d/voxel/world/voxel_world.gd	VoxelWorld	Node	137		_process,get_block_in_chunk,set_block_global_position,clean_up,_delete_far_away_chunks
third_party/godot-demo-projects/3d/waypoints/camera.gd		Camera3D	44		_ready,_input,_process
third_party/godot-demo-projects/3d/waypoints/main.gd		Node3D	14		_ready
third_party/godot-demo-projects/3d/waypoints/waypoint.gd		Control	111		_ready,_process
third_party/godot-demo-projects/audio/audio_effects/audio_effects.gd		Control	108		_on_toggle_music_toggled,_on_ding_button_pressed,_on_glass_button_pressed,_on_meow_button_pressed,_on_beeps_button_pressed,_on_trombone_button_pressed,_on_static_button_pressed,_on_whistle_button_pressed,_on_toggle_amplify_toggled,_on_toggle_band_limiter_toggled,_on_toggle_band_pass_filter_toggled,_on_toggle_chorus_toggled,_on_toggle_compressor_toggled,_on_toggle_delay_toggled,_on_toggle_distortion_toggled,_on_toggle_eq_6_toggled,_on_toggle_eq_10_toggled,_on_toggle_eq_21_toggled,_on_toggle_high_pass_filter_toggled,_on_toggle_low_shelf_filter_toggled,_on_toggle_notch_filter_toggled,_on_toggle_panner_toggled,_on_toggle_phaser_toggled,_on_toggle_pitch_shift_toggled,_on_toggle_reverb_toggled,_on_toggle_stereo_enhance_toggled
third_party/godot-demo-projects/audio/bpm_sync/bpm_sync.gd		Panel	53		_process,_on_PlaySystem_pressed,_on_PlaySound_pressed
third_party/godot-demo-projects/audio/device_changer/Changer.gd		Control	43		_ready,_process,_on_Button_button_down,_on_Play_Audio_button_down
third_party/godot-demo-projects/audio/generator/generator_demo.gd		Node	43		_fill_buffer,_process,_ready,_on_frequency_h_slider_value_changed,_on_volume_h_slider_value_changed
third_party/godot-demo-projects/audio/mic_record/MicRecord.gd		Control	99		_ready,_on_record_button_pressed,_on_play_button_pressed,_on_play_music_pressed,_on_save_button_pressed,_on_mix_rate_option_button_item_selected,_on_format_option_button_item_selected,_on_stereo_check_button_toggled,_on_open_user_folder_button_pressed
third_party/godot-demo-projects/audio/midi_piano/piano.gd		Control	99		_ready,_input,_add_placeholder_key,_create_piano_key,_is_note_index_lacking_sharp,_is_note_index_sharp,_pitch_index_to_note_index,_print_midi_info
third_party/godot-demo-projects/audio/midi_piano/piano_keys/piano_key.gd	PianoKey	Control	29		setup,activate,deactivate
third_party/godot-demo-projects/audio/midi_piano/piano_keys/piano_key_color.gd		ColorRect	8		_gui_input
third_party/godot-demo-projects/audio/rhythm_game/game_state/conductor.gd	Conductor	Node	160		_ready,_process,_physics_process,play,stop,get_current_beat,get_current_beat_raw,get_beat_duration
third_party/godot-demo-projects/audio/rhythm_game/game_state/metronome.gd		AudioStreamPlayer	25		_process,start
third_party/godot-demo-projects/audio/rhythm_game/game_state/note_manager.gd	NoteManager	Node2D	153	play_stats_updated,note_hit,song_finished	_ready,_process,_miss_old_notes,_handle_keypress,_finish_song,_get_note_delta,_get_curr_beat
third_party/godot-demo-projects/audio/rhythm_game/game_state/play_stats.gd	PlayStats	Resource	26		
third_party/godot-demo-projects/audio/rhythm_game/globals/chart_data.gd	ChartData		135		get_chart_data
third_party/godot-demo-projects/audio/rhythm_game/globals/enums.gd	Enums		15		
third_party/godot-demo-projects/audio/rhythm_game/globals/global_settings.gd		Node	17	scroll_speed_changed	
third_party/godot-demo-projects/audio/rhythm_game/globals/one_euro_filter.gd	OneEuroFilter		50		_init,alpha,filter,_init,filter
third_party/godot-demo-projects/audio/rhythm_game/objects/guide/guide.gd		Sprite2D	12		_process
third_party/godot-demo-projects/audio/rhythm_game/objects/note/note.gd	Note	Node2D	83		_init,_ready,_process,update_beat,hit_perfect,hit_good,miss,_update_position,_on_scroll_speed_changed
third_party/godot-demo-projects/audio/rhythm_game/scenes/main/main.gd		Node2D	219		_init,_enter_tree,_ready,_process,_update_stats,_update_filter_state,_hit_type_to_string,_on_use_filtered_check_box_toggled,_on_show_offset_check_box_toggled,_on_metronome_check_box_toggled,_on_note_hit,_on_play_stats_updated,_on_song_finished,_on_input_latency_spin_box_value_changed,_on_scroll_speed_h_slider_value_changed,_on_chart_option_button_item_selected,_on_judgments_graph_draw,_on_time_graph_draw
third_party/godot-demo-projects/audio/rhythm_game/scenes/main/pause_handler.gd		Node	8		_process
third_party/godot-demo-projects/audio/spectrum/show_spectrum.gd		Node2D	80		_draw,_process,_ready
third_party/godot-demo-projects/audio/text_to_speech/voice_list.gd		Control	150		_ready,_process,_on_utterance_boundary,_on_utterance_start,_on_utterance_end,_on_utterance_error,_on_button_stop_pressed,_on_button_pause_pressed,_on_button_speak_pressed,_on_button_int_speak_pressed,_on_button_clear_log_pressed,_on_HSliderRate_value_changed,_on_HSliderPitch_value_changed,_on_HSliderVolume_value_changed,_on_Button_pressed,_on_LineEditFilterName_text_changed
third_party/godot-demo-projects/compute/heightmap/main.gd		Control	260		_init,_ready,_notification,randomize_seed,prepare_image,init_gpu,compute_island_gpu,cleanup_gpu,load_shader,compute_island_cpu,display_island,_on_random_button_pressed,_on_create_button_gpu_pressed,_on_create_button_cpu_pressed
third_party/godot-demo-projects/compute/post_shader/main.gd		Node3D	22		_input,update_info_text
third_party/godot-demo-projects/compute/post_shader/post_process_grayscale.gd	PostProcessGrayScale	CompositorEffect	89		_init,_notification,_initialize_compute,_render_callback
third_party/godot-demo-projects/compute/post_shader/post_process_shader.gd	PostProcessShader	CompositorEffect	205		_init,_notification,_check_shader,_render_callback
third_party/godot-demo-projects/compute/texture/main.gd		Node3D	26		_ready,_process,_on_rain_size_changed,_on_mouse_size_changed
third_party/godot-demo-projects/compute/texture/water_plane/water_plane.gd		Area3D	257		_ready,_exit_tree,_unhandled_input,_check_mouse_pos,_process,_create_uniform_set,_initialize_compute_code,_render_process,_free_compute_resources
third_party/godot-demo-projects/gui/accessibility/controls.gd		Control	9		_ready,_on_button_set_pressed
third_party/godot-demo-projects/gui/accessibility/custom_control.gd		Control	126		_gui_input,_accessibility_action_dec,_accessibility_action_inc,_accessibility_action_set_num_value,_get_focused_accessibility_element,_notification,_draw
third_party/godot-demo-projects/gui/bidi_and_font_features/bidi.gd		Control	137		_ready,_on_Tree_item_selected,_on_LineEditCustomSTDst_text_changed,_on_LineEditCustomSTSource_text_changed,_on_LineEditCustomSTDst_tree_entered,_on_variable_size_value_changed,_on_variable_weight_value_changed,_on_variable_slant_value_changed,_on_variable_cursive_toggled,_on_variable_casual_toggled,_on_variable_monospace_toggled,_on_system_font_value_text_changed,_on_system_font_weight_value_changed,_on_system_font_italic_toggled,_on_system_font_name_text_changed
third_party/godot-demo-projects/gui/bidi_and_font_features/custom_st_parser.gd		LineEdit	17		_structured_text_parser
third_party/godot-demo-projects/gui/control_gallery/tree.gd		Tree	18		_ready
third_party/godot-demo-projects/gui/custom_splash_screen/main.gd		Control	6		_on_restart_pressed
third_party/godot-demo-projects/gui/custom_splash_screen/splash.gd		Control	6		_on_animation_player_animation_finished
third_party/godot-demo-projects/gui/drag_and_drop/drag_drop_script.gd		ColorPickerButton	33		_get_drag_data,_can_drop_data,_drop_data
third_party/godot-demo-projects/gui/gd_paint/paint_control.gd		Control	243		_process,check_if_mouse_is_inside_canvas,undo_stroke,add_brush,_draw,save_picture
third_party/godot-demo-projects/gui/gd_paint/tools_panel.gd		Panel	108		_ready,_physics_process,button_pressed,brush_color_changed,background_color_changed,brush_size_changed,save_file_selected
third_party/godot-demo-projects/gui/input_mapping/ActionRemapButton.gd		Button	50		_ready,_toggled,_unhandled_key_input,remap_action_to,display_current_key
third_party/godot-demo-projects/gui/input_mapping/KeyPersistence.gd		Node	45		_ready,load_keymap,save_keymap
third_party/godot-demo-projects/gui/msdf_font/sdf_font_demo.gd		Control	21		_input,update_label,_on_outline_size_value_changed
third_party/godot-demo-projects/gui/multiple_resolutions/main.gd		Control	149		_ready,update_container,_on_gui_aspect_ratio_item_selected,_on_resized,_on_gui_margin_value_changed,_on_window_base_size_item_selected,_on_window_stretch_mode_item_selected,_on_window_stretch_aspect_item_selected,update_window_scale_factor,_on_window_scale_factor_drag_ended,_on_window_scale_factor_value_changed,_on_window_stretch_scale_mode_item_selected
third_party/godot-demo-projects/gui/pseudolocalization/Pseudolocalization.gd		Control	60		_ready,_on_accents_toggled,_on_toggle_toggled,_on_fake_bidi_toggled,_on_prefix_changed,_on_suffix_changed,_on_pseudolocalize_pressed,_on_double_vowels_toggled,_on_expansion_ratio_value_changed,_on_override_toggled,_on_skip_placeholders_toggled
third_party/godot-demo-projects/gui/regex/regex.gd		VBoxContainer	48		_ready,update_expression,update_text,_on_help_meta_clicked
third_party/godot-demo-projects/gui/rich_text_bbcode/rich_text_bbcode.gd		Control	17		_on_RichTextLabel_meta_clicked,_on_pause_toggled,_on_print_to_console_pressed
third_party/godot-demo-projects/gui/theming_override/test.gd		Control	61		_ready,_on_button_pressed,_on_button2_pressed,_on_reset_all_button_pressed
third_party/godot-demo-projects/gui/translation/translation_csv.gd		Panel	47		_ready,_on_english_pressed,_on_spanish_pressed,_on_japanese_pressed,_on_russian_pressed,_on_play_audio_pressed,_print_intro,_on_go_to_po_translation_demo_pressed
third_party/godot-demo-projects/gui/translation/translation_po.gd		Panel	45		_ready,_on_english_pressed,_on_spanish_pressed,_on_japanese_pressed,_on_play_audio_pressed,_print_intro,_on_go_to_csv_translation_demo_pressed
third_party/godot-demo-projects/gui/ui_mirroring/ui_mirroring.gd		Control	13		_ready,_on_Button_pressed
third_party/godot-demo-projects/loading/autoload/global.gd		Node	32		goto_scene,_deferred_goto_scene
third_party/godot-demo-projects/loading/autoload/scene_a.gd		Panel	4		_on_goto_scene_pressed
third_party/godot-demo-projects/loading/autoload/scene_b.gd		Panel	4		_on_goto_scene_pressed
third_party/godot-demo-projects/loading/load_threaded/load_threaded.gd		VBoxContainer	41		_on_start_loading_pressed,_on_babel_pressed,_on_las_meninas_pressed,_on_mona_lisa_pressed,_on_old_guitarist_pressed,_on_parasol_pressed,_on_swing_pressed
third_party/godot-demo-projects/loading/runtime_save_load/runtime_save_load.gd		Control	273		reset_visibility,_on_browse_pressed,_on_file_path_text_submitted,_on_file_dialog_file_selected,_on_audio_player_pressed,_on_scene_viewer_zoom_value_changed,_on_zip_viewer_item_selected,_on_export_pressed,_on_export_file_dialog_file_selected,show_error,open_file
third_party/godot-demo-projects/loading/scene_changer/scene_a.gd		Panel	5		_on_goto_scene_pressed
third_party/godot-demo-projects/loading/scene_changer/scene_b.gd		Panel	8		_on_goto_scene_pressed
third_party/godot-demo-projects/loading/serialization/enemy.gd	Enemy	Node2D	29		_process,_on_attack_area_body_entered,_on_attack_area_body_exited
third_party/godot-demo-projects/loading/serialization/gui.gd		VBoxContainer	11		_ready,_on_open_user_data_folder_pressed
third_party/godot-demo-projects/loading/serialization/player.gd	Player	CharacterBody2D	37		_process,_input
third_party/godot-demo-projects/loading/serialization/save_load_config_file.gd		Button	53		save_game,load_game
third_party/godot-demo-projects/loading/serialization/save_load_json.gd		Button	62		save_game,load_game
third_party/godot-demo-projects/loading/threads/thread.gd		Control	40		_on_load_pressed,_bg_load,_bg_load_done,_exit_tree
third_party/godot-demo-projects/misc/2.5d/addons/node25d/.broken-gdscripts/Basis25D.gd	Basis25D		52		top_down,front_side,forty_five,isometric,oblique_y,oblique_z,dimetric,init,_init
third_party/godot-demo-projects/misc/2.5d/addons/node25d/.broken-gdscripts/Transform25D.gd	Transform25D		22		flat_transform,flat_position,_init
third_party/godot-demo-projects/misc/2.5d/addons/node25d/main_screen/gizmo_25d.gd		Node2D	129		_process,determine_dominant_axis,move_using_mouse,setup,set_zoom,_snap_spatial_position,_distance_to_segment_at_index
third_party/godot-demo-projects/misc/2.5d/addons/node25d/main_screen/viewport_25d.gd		Control	162		_ready,_process,_ensure_node25d_has_gizmo,_gui_input,_recursive_change_view_mode,_get_zoom_amount,_on_ZoomOut_pressed,_on_ZoomIn_pressed,_on_ZoomReset_pressed
third_party/godot-demo-projects/misc/2.5d/addons/node25d/node25d_plugin.gd		EditorPlugin	55		_enter_tree,_exit_tree,_has_main_screen,_make_visible,_get_plugin_name,_get_plugin_icon,_handles
third_party/godot-demo-projects/misc/2.5d/addons/node25d/node_25d.gd	Node25D	Node2D	140		_ready,_process,Node25D_ready,Node25D_process,get_basis,get_spatial_position,set_spatial_position,set_view_mode,_check_view_mode,y_sort,y_sort_slight_xz
third_party/godot-demo-projects/misc/2.5d/addons/node25d/shadow_math_25d.gd	ShadowMath25D	ShapeCast3D	42		_ready,_physics_process
third_party/godot-demo-projects/misc/2.5d/addons/node25d/y_sort_25d.gd	YSort25D	Node	48		_ready,_process,sort
third_party/godot-demo-projects/misc/2.5d/assets/cube/cube_math.gd		Node3D	53		_ready,_process
third_party/godot-demo-projects/misc/2.5d/assets/platform/platform_sprite.gd		Sprite2D	42		_process,set_view_mode
third_party/godot-demo-projects/misc/2.5d/assets/player/player_math_25d.gd	PlayerMath25D	CharacterBody3D	60		_physics_process,_horizontal_movement,_vertical_movement
third_party/godot-demo-projects/misc/2.5d/assets/player/player_sprite.gd		Sprite2D	148		_ready,_process,set_view_mode,_sprite_basis,_check_movement
third_party/godot-demo-projects/misc/2.5d/assets/shadow/shadow_sprite.gd		Sprite2D	41		_process,set_view_mode
third_party/godot-demo-projects/misc/2.5d/assets/ui/control_hints.gd		Control	6		_input
third_party/godot-demo-projects/misc/custom_logging/custom_logger_ui.gd		RichTextLabel	72		_log_message,_log_error,_init,_exit_tree
third_party/godot-demo-projects/misc/custom_logging/main.gd		Control	59		_ready,_on_print_message_pressed,_on_print_message_raw_pressed,_on_print_message_stderr_pressed,_on_print_warning_pressed,_on_print_error_pressed,_on_open_logs_folder_pressed,_on_crash_engine_pressed
third_party/godot-demo-projects/misc/graphics_tablet_input/graphics_tablet_input.gd		Control	190		_ready,_input,_draw,start_stroke,_on_undo_last_line_pressed,_on_clear_all_lines_pressed,_on_line_color_changed,_on_line_width_value_changed,_on_pressure_sensitive_toggled,_on_show_tilt_vector_toggled,_on_msaa_item_selected,_on_max_fps_value_changed,_on_v_sync_toggled,_on_input_accumulation_toggled
third_party/godot-demo-projects/misc/hdr_output/color_sweep/color_sweep.gd		Control	24		_process,_on_min_h_slider_value_changed,_on_max_h_slider_value_changed
third_party/godot-demo-projects/misc/hdr_output/in_game_hdr_settings/in_game_hdr_settings.gd		Control	124		_on_visibility_changed,_ready,save_settings,erase_settings,overriding_reference_luminance_supported,overriding_max_luminance_supported,_process,_on_hdr_check_button_toggled,_on_brightness_slider_value_changed,_on_max_lum_slider_value_changed,_on_reset_brightness_pressed,_on_reset_max_lum_pressed,_on_brightness_slider_drag_started,_on_max_lum_slider_drag_started
third_party/godot-demo-projects/misc/hdr_output/main/debug_info.gd		Label	28		_process
third_party/godot-demo-projects/misc/hdr_output/main/demo_scenes.gd		Node	12		_ready,_on_demo_scene_item_selected
third_party/godot-demo-projects/misc/hdr_output/main/developer_settings.gd		VBoxContainer	25		_process
third_party/godot-demo-projects/misc/hdr_output/main/max_val_label.gd		Label	5		_process
third_party/godot-demo-projects/misc/hdr_output/max_color.gd		Node	54		_enter_tree,_exit_tree,_on_output_max_linear_value_changed
third_party/godot-demo-projects/misc/hdr_output/max_self_modulate.gd		CanvasItem	55		_enter_tree,_exit_tree,_on_output_max_linear_value_changed
third_party/godot-demo-projects/misc/hdr_output/output_max_linear_value/color_flash.gd		MeshInstance3D	38		flash,_init,_process
third_party/godot-demo-projects/misc/hdr_output/output_max_linear_value/flash_orchestrator.gd		Node3D	35		_ready,_process
third_party/godot-demo-projects/misc/hdr_output/output_max_linear_value/rotate.gd		Node3D	7		_process
third_party/godot-demo-projects/misc/hdr_output/setup_instructions/setup_instructions.gd		RichTextLabel	5		_on_meta_clicked
third_party/godot-demo-projects/misc/hdr_output/tonemap/sphere_and_light.gd		Node3D	17		_process
third_party/godot-demo-projects/misc/hdr_output/tonemap/subviewport_scale.gd		Node	20		_ready,_root_viewport_size_changed
third_party/godot-demo-projects/misc/joypads/joypads.gd		Control	152		_ready,_process,_on_joy_connection_changed,_on_start_vibration_pressed,_on_stop_vibration_pressed,_on_Remap_pressed,_on_Clear_pressed,_on_Show_pressed,_on_joy_name_meta_clicked,set_joypad_name,clear_joypad_name
third_party/godot-demo-projects/misc/joypads/remap/joy_mapping.gd	JoyMapping	RefCounted	149		_init,_to_string,to_human_string
third_party/godot-demo-projects/misc/joypads/remap/remap_wizard.gd		Node	223		_input,create_mapping_string,start,remap_and_close,reset,step_next,show_map,_update_step,_on_Wizard_pressed,_on_Cancel_pressed,_on_xbox_pressed,_on_xboxosx_pressed,_on_Mapping_popup_hide,_on_Next_pressed,_on_Prev_pressed,_on_Skip_pressed,_on_FullAxis_toggled,_on_InvertAxis_toggled,_on_start_close_requested,_on_mapping_close_requested,_on_map_window_close_requested
third_party/godot-demo-projects/misc/large_world_coordinates/controls.gd		VBoxContainer	61		_ready,_process,_input,_on_go_to_button_pressed,_on_open_documentation_pressed
third_party/godot-demo-projects/misc/matrix_transform/marker/AxisMarker2D.gd	AxisMarker2D	Node2D	19		_process
third_party/godot-demo-projects/misc/matrix_transform/marker/AxisMarker3D.gd	AxisMarker3D	Node3D	19		_process
third_party/godot-demo-projects/misc/multiple_windows/scenes/disable_other.gd		BaseButton	29		_ready,_toggled
third_party/godot-demo-projects/misc/multiple_windows/scenes/draggable_window/draggable_region.gd		Area2D	7		_input_event
third_party/godot-demo-projects/misc/multiple_windows/scenes/draggable_window/sprite_polygon_passthrough.gd		Node	36		generate_polygon
third_party/godot-demo-projects/misc/multiple_windows/scenes/main_scene.gd		Control	188		_on_embed_subwindows_toggled,embed_subwindows,_on_window_button_pressed,_on_transient_window_toggled,_on_exclusive_window_toggled,_on_unresizable_window_toggled,_on_borderless_window_toggled,_on_always_on_top_window_toggled,_on_transparent_window_toggled,_on_window_title_edit_text_changed,_on_draggable_window_button_pressed,_on_draggable_window_close_pressed,_on_bg_draggable_window_toggled,_on_passthrough_polygon_item_selected,_on_file_dialog_button_pressed,_on_file_dialog_dir_selected,_on_file_dialog_file_selected,_on_file_dialog_files_selected,_on_file_dialog_options_item_selected,_on_native_dialog_toggled,_on_accept_button_text_submitted,_on_accept_dialog_canceled,_on_accept_dialog_confirmed,_on_accept_dialog_custom_action,_on_accept_button_pressed,_on_confirmation_button_pressed,_on_confirmation_dialog_canceled,_on_confirmation_dialog_confirmed,show_popup,_on_popup_button_pressed,_on_popup_menu_button_pressed,_on_popup_panel_button_pressed,_on_popup_menu_option_pressed,_on_status_indicator_visible_toggled
third_party/godot-demo-projects/misc/multiple_windows/scenes/popup/hide_on_mouse_exit.gd		Popup	9		_ready,_on_mouse_exited
third_party/godot-demo-projects/misc/multiple_windows/scenes/popup_menu/popup_menu.gd		PopupMenu	34	option_pressed	_ready,_on_index_pressed
third_party/godot-demo-projects/misc/multiple_windows/scenes/status_indicator/status_indicator.gd		StatusIndicator	27		_ready,_on_pressed,_on_popup_menu_index_pressed
third_party/godot-demo-projects/misc/multiple_windows/scenes/text_field.gd		LineEdit	10		_ready
third_party/godot-demo-projects/misc/multiple_windows/scenes/window/url_opener.gd		RichTextLabel	10		_ready,_on_meta_clicked
third_party/godot-demo-projects/misc/multiple_windows/scenes/window/window.gd		Window	11		_ready,_on_close_requested
third_party/godot-demo-projects/misc/noise_viewer/noise_viewer.gd		Control	70		_ready,_refresh_shader_params,_on_documentation_button_pressed,_on_random_seed_button_pressed,_on_seed_spin_box_value_changed,_on_frequency_spin_box_value_changed,_on_fractal_octaves_spin_box_value_changed,_on_fractal_gain_spin_box_value_changed,_on_fractal_lacunarity_spin_box_value_changed,_on_min_clip_spin_box_value_changed,_on_max_clip_spin_box_value_changed
third_party/godot-demo-projects/misc/os_test/actions.gd		Node	137		_ready,_on_open_shell_web_pressed,_on_open_shell_folder_pressed,_on_change_window_title_pressed,_on_change_window_icon_pressed,_on_move_window_to_foreground_pressed,_on_request_attention_pressed,_on_vibrate_device_short_pressed,_on_vibrate_device_long_pressed,_on_add_global_menu_items_pressed,_on_remove_global_menu_item_pressed,_on_get_clipboard_pressed,_on_set_clipboard_pressed,_on_display_alert_pressed,_on_kill_current_process_pressed
third_party/godot-demo-projects/misc/os_test/os_test.gd		Node	233		datetime_to_string,scan_midi_inputs,add_header,add_line,_ready
third_party/godot-demo-projects/misc/pause/pause_button.gd		Button	19		_ready,_toggled
third_party/godot-demo-projects/misc/pause/process_mode.gd		OptionButton	8		_on_option_button_item_selected
third_party/godot-demo-projects/misc/window_management/control.gd		Control	221		_ready,_physics_process,_input,check_wm_api,_on_button_move_to_pressed,_on_button_resize_pressed,_on_button_screen_0_pressed,_on_button_screen_1_pressed,_on_button_fullscreen_pressed,_on_button_fixed_size_pressed,_on_button_minimized_pressed,_on_button_maximized_pressed,_on_button_mouse_mode_visible_pressed,_on_button_mouse_mode_hidden_pressed,_on_button_mouse_mode_captured_pressed,_on_button_mouse_mode_confined_pressed,_on_button_mouse_mode_confined_hidden_pressed
third_party/godot-demo-projects/misc/window_management/observer/observer.gd		CharacterBody3D	59		_process,_input,direction,_on_transparent_check_button_toggled
third_party/godot-demo-projects/mobile/android_iap/item.gd		PanelContainer	31	buy_pressed,consume_pressed	_ready,configure,_on_buy_pressed,_on_consume_pressed
third_party/godot-demo-projects/mobile/android_iap/setup_instructions.gd		VBoxContainer	4		_on_continue_btn_pressed
third_party/godot-demo-projects/mobile/android_iap/store.gd		SplitContainer	172		_init,_on_connected,_on_connect_error,_on_query_product_details,_add_product_card,_on_item_buy_pressed,_on_item_consume_pressed,_on_query_purchases,_on_purchase_updated,_process_purchase,_refresh_owned_items,_show_error,_on_tab_container_tab_changed,_get_price_string,_notification,_on_exit_pressed
third_party/godot-demo-projects/mobile/multitouch_cubes/gesture_area.gd		Control	117		_gui_input,_px2unit
third_party/godot-demo-projects/mobile/multitouch_view/main.gd		Node2D	23		_process,_draw,_get_color_for_ptr_index
third_party/godot-demo-projects/mobile/multitouch_view/touch_helper.gd		Node	25		_unhandled_input
third_party/godot-demo-projects/mobile/sensors/main.gd		Node	158		get_basis_for_arrow,calc_north,orientate_by_mag_and_grav,rotate_by_gyro,drift_correction,_process
third_party/godot-demo-projects/mono/2.5d/addons/node25d-cs/main_screen/viewport_25d.gd		Control	149		_ready,_process,_gui_input,_recursive_change_view_mode,_get_zoom_amount,_on_ZoomOut_pressed,_on_ZoomIn_pressed,_on_ZoomReset_pressed
third_party/godot-demo-projects/mono/2.5d/addons/node25d-cs/node25d_plugin.gd		EditorPlugin	50		_enter_tree,_exit_tree,has_main_screen,make_visible,get_plugin_name,get_plugin_icon
third_party/godot-demo-projects/mono/2.5d/assets/platform/platform_sprite.gd		Sprite2D	40		_process,set_view_mode
third_party/godot-demo-projects/mono/2.5d/assets/shadow/shadow_sprite.gd		Sprite2D	40		_process,set_view_mode
third_party/godot-demo-projects/mono/2.5d/assets/ui/control_hints.gd		Control	5		_process
third_party/godot-demo-projects/networking/multiplayer_bomber/bomb.gd		Area2D	35		explode,done,_on_bomb_body_enter,_on_bomb_body_exit
third_party/godot-demo-projects/networking/multiplayer_bomber/bomb_spawner.gd		MultiplayerSpawner	14		_init,_spawn_bomb
third_party/godot-demo-projects/networking/multiplayer_bomber/gamestate.gd		Node	152	player_list_changed,connection_failed,connection_succeeded,game_ended,game_error	_player_connected,_player_disconnected,_connected_ok,_server_disconnected,_connected_fail,register_player,unregister_player,load_world,host_game,join_game,get_player_list,begin_game,end_game,_ready,get_player_color
third_party/godot-demo-projects/networking/multiplayer_bomber/lobby.gd		Control	94		_ready,_on_host_pressed,_on_join_pressed,_on_connection_success,_on_connection_failed,_on_game_ended,_on_game_error,refresh_lobby,_on_start_pressed,_on_find_public_ip_pressed
third_party/godot-demo-projects/networking/multiplayer_bomber/player.gd		CharacterBody2D	81		_ready,_physics_process,set_player_name,exploded
third_party/godot-demo-projects/networking/multiplayer_bomber/player_controls.gd		Node	22		update
third_party/godot-demo-projects/networking/multiplayer_bomber/player_spawner.gd		MultiplayerSpawner	14		_ready,spawn_player
third_party/godot-demo-projects/networking/multiplayer_bomber/rock.gd		CharacterBody2D	6		exploded
third_party/godot-demo-projects/networking/multiplayer_bomber/score.gd		HBoxContainer	51		_process,increase_score,add_player,_ready,_on_exit_game_pressed
third_party/godot-demo-projects/networking/multiplayer_pong/logic/ball.gd		Area2D	69		_process,bounce,stop,_reset_ball
third_party/godot-demo-projects/networking/multiplayer_pong/logic/lobby.gd		Control	125		_ready,_player_connected,_player_disconnected,_connected_ok,_connected_fail,_server_disconnected,_end_game,_set_status,_on_host_pressed,_on_join_pressed,_on_find_public_ip_pressed
third_party/godot-demo-projects/networking/multiplayer_pong/logic/paddle.gd		Area2D	50		_process,set_pos_and_motion,_hide_you_label,_on_paddle_area_enter
third_party/godot-demo-projects/networking/multiplayer_pong/logic/pong.gd		Node2D	53	game_finished	_ready,update_score,_on_exit_game_pressed
third_party/godot-demo-projects/networking/webrtc_minimal/Signaling.gd		Node	32		register,_find_other,send_session,send_candidate
third_party/godot-demo-projects/networking/webrtc_minimal/chat.gd		Node	39		_ready,_on_ice_candidate,_on_session,_process,send_message
third_party/godot-demo-projects/networking/webrtc_minimal/link_button.gd		LinkButton	4		_on_LinkButton_pressed
third_party/godot-demo-projects/networking/webrtc_minimal/main.gd		Node	17		_ready
third_party/godot-demo-projects/networking/webrtc_minimal/minimal.gd		Node	41		_ready,_process
third_party/godot-demo-projects/networking/webrtc_signaling/client/multiplayer_client.gd		ws_webrtc_client.gd	114		_init,start,stop,_create_peer,_new_ice_candidate,_offer_created,_connected,_lobby_joined,_lobby_sealed,_disconnected,_peer_connected,_peer_disconnected,_offer_received,_answer_received,_candidate_received
third_party/godot-demo-projects/networking/webrtc_signaling/client/ws_webrtc_client.gd		Node	128	lobby_joined,connected,disconnected,peer_connected,peer_disconnected,offer_received,answer_received,candidate_received,lobby_sealed	connect_to_url,close,_process,_parse_msg,join_lobby,seal_lobby,send_candidate,send_offer,send_answer,_send_msg
third_party/godot-demo-projects/networking/webrtc_signaling/demo/client_ui.gd		Control	80		_ready,ping,_mp_server_connected,_mp_server_disconnect,_mp_peer_connected,_mp_peer_disconnected,_connected,_disconnected,_lobby_joined,_lobby_sealed,_log,_on_peers_pressed,_on_ping_pressed,_on_seal_pressed,_on_start_pressed,_on_stop_pressed
third_party/godot-demo-projects/networking/webrtc_signaling/demo/main.gd		Control	25		_enter_tree,_ready,_on_listen_toggled,_on_LinkButton_pressed
third_party/godot-demo-projects/networking/webrtc_signaling/server/ws_webrtc_server.gd		Node	249		_init,is_ws_open,send,_init,join,leave,seal,_process,listen,stop,poll,_join_lobby,_parse_msg
third_party/godot-demo-projects/networking/websocket_chat/client.gd		Control	50		info,_on_web_socket_client_connection_closed,_on_web_socket_client_connected_to_server,_on_web_socket_client_message_received,_on_send_pressed,_on_connect_toggled
third_party/godot-demo-projects/networking/websocket_chat/server.gd		Control	54		info,_on_web_socket_server_client_connected,_on_web_socket_server_client_disconnected,_on_web_socket_server_message_received,_on_send_pressed,_on_listen_toggled
third_party/godot-demo-projects/networking/websocket_chat/websocket/WebSocketClient.gd	WebSocketClient	Node	73	connected_to_server,connection_closed,message_received	connect_to_url,send,get_message,close,clear,get_socket,poll,_process
third_party/godot-demo-projects/networking/websocket_chat/websocket/WebSocketServer.gd	WebSocketServer	Node	173	message_received,client_connected,client_disconnected	_init,listen,stop,send,get_message,has_message,_create_peer,poll,_connect_pending,_process
third_party/godot-demo-projects/networking/websocket_minimal/client.gd		Node	32		log_message,_ready,_process,_exit_tree,_on_button_ping_pressed
third_party/godot-demo-projects/networking/websocket_minimal/server.gd		Node	39		log_message,_ready,_process,_exit_tree,_on_button_pong_pressed
third_party/godot-demo-projects/networking/websocket_multiplayer/script/combo.gd		Control	17		_enter_tree,_exit_tree
third_party/godot-demo-projects/networking/websocket_multiplayer/script/game.gd		Control	147		_log,set_player_name,update_player_name,request_action,do_action,set_turn,del_player,add_player,get_player_name,next_turn,start,stop,on_peer_add,on_peer_del,_on_Action_pressed
third_party/godot-demo-projects/networking/websocket_multiplayer/script/main.gd		Control	92		_init,_ready,start_game,stop_game,_close_network,_connected,_peer_connected,_peer_disconnected,_on_Host_pressed,_on_Disconnect_pressed,_on_Connect_pressed
third_party/godot-demo-projects/plugins/addons/custom_node/heart.gd		Node2D	12		_draw,_get_item_rect
third_party/godot-demo-projects/plugins/addons/custom_node/heart_plugin.gd		EditorPlugin	13		_enter_tree,_exit_tree
third_party/godot-demo-projects/plugins/addons/main_screen/handled_by_main_screen.gd		Node	1		
third_party/godot-demo-projects/plugins/addons/main_screen/main_screen_plugin.gd		EditorPlugin	41		_enter_tree,_exit_tree,_has_main_screen,_make_visible,_handles,_get_plugin_name,_get_plugin_icon
third_party/godot-demo-projects/plugins/addons/main_screen/print_hello.gd		Button	6		_on_PrintHello_pressed
third_party/godot-demo-projects/plugins/addons/material_creator/editor/importers/import_silly_material.gd	ImportSillyMatAsSillyMaterialResource	EditorImportPlugin	72		_get_importer_name,_get_visible_name,_get_recognized_extensions,_get_save_extension,_get_resource_type,_get_preset_count,_get_preset_name,_get_import_options,_get_import_order,_get_option_visibility,_import
third_party/godot-demo-projects/plugins/addons/material_creator/editor/importers/import_standard_material_3d.gd	ImportSillyMatAsStandardMaterial3D	EditorImportPlugin	71		_get_importer_name,_get_visible_name,_get_recognized_extensions,_get_save_extension,_get_resource_type,_get_preset_count,_get_preset_name,_get_import_options,_get_import_order,_get_option_visibility,_import
third_party/godot-demo-projects/plugins/addons/material_creator/editor/load_and_save/material_format_loader.gd	SillyMatFormatLoader	ResourceFormatLoader	38		_get_recognized_extensions,_get_resource_type,_handles_type,_load
third_party/godot-demo-projects/plugins/addons/material_creator/editor/load_and_save/material_format_saver.gd	SillyMatFormatSaver	ResourceFormatSaver	34		_get_recognized_extensions,_recognize,_save
third_party/godot-demo-projects/plugins/addons/material_creator/editor/material_creator.gd		Panel	145		_ready,_save_or_export_file,load_file_resource_loader,load_file_directly,edit_silly_material,_create_silly_material_from_editor_values,_apply_material_to_nodes,_on_apply_button_pressed,_on_save_button_pressed,_on_export_button_pressed,_on_load_button_importer_pressed,_on_load_button_loader_pressed,_on_import_button_directly_pressed
third_party/godot-demo-projects/plugins/addons/material_creator/material_plugin.gd		EditorPlugin	46		_enter_tree,_exit_tree
third_party/godot-demo-projects/plugins/addons/material_creator/silly_material_resource.gd	SillyMaterialResource	Resource	109		from_json_dictionary,to_json_dictionary,from_material,to_material,read_from_file,write_to_file
third_party/godot-demo-projects/plugins/addons/simple_import_plugin/import.gd		EditorImportPlugin	76		_get_importer_name,_get_visible_name,_get_recognized_extensions,_get_save_extension,_get_resource_type,_get_preset_count,_get_preset_name,_get_import_options,_get_import_order,_get_option_visibility,_import
third_party/godot-demo-projects/plugins/addons/simple_import_plugin/plugin.gd		EditorPlugin	14		_enter_tree,_exit_tree
third_party/godot-demo-projects/viewport/2d_in_3d/2d_in_3d.gd		Node3D	23		_ready,_process
third_party/godot-demo-projects/viewport/2d_in_3d/pong.gd		Node2D	67		_ready,_process
third_party/godot-demo-projects/viewport/3d_in_2d/3d_in_2d.gd		Node2D	19		_ready,_root_viewport_size_changed
third_party/godot-demo-projects/viewport/3d_in_2d/robot_3d.gd		Node	8		_process
third_party/godot-demo-projects/viewport/3d_scaling/hud.gd		Control	34		_ready,_unhandled_input
third_party/godot-demo-projects/viewport/dynamic_split_screen/camera_controller.gd		Node3D	108		_ready,_process,_move_cameras,_update_splitscreen,_is_split_state,_on_size_changed,_get_position_difference_in_world,_get_horizontal_length
third_party/godot-demo-projects/viewport/dynamic_split_screen/player.gd		CharacterBody3D	22		_physics_process
third_party/godot-demo-projects/viewport/dynamic_split_screen/wall_coloring.gd		Node3D	13		_ready
third_party/godot-demo-projects/viewport/gui_in_3d/gui_3d.gd		Node3D	138		_ready,_process,_mouse_entered_area,_mouse_exited_area,_unhandled_input,_mouse_input_event,rotate_area_to_billboard
third_party/godot-demo-projects/viewport/screen_capture/screen_capture.gd		Node	23		_ready,_on_capture_button_pressed
third_party/godot-demo-projects/viewport/split_screen_input/player.gd	Player	CharacterBody2D	29		_unhandled_input,_physics_process
third_party/godot-demo-projects/viewport/split_screen_input/root.gd		Node	46		_ready
third_party/godot-demo-projects/viewport/split_screen_input/split_screen.gd	SplitScreen	Node	40		set_config,_on_option_button_item_selected
third_party/godot-demo-projects/viewport/split_screen_input/sub_viewport_container.gd	InputRoutingViewportContainer	SubViewportContainer	27		_propagate_input_event,set_input_config
third_party/godot-demo-projects/xr/mobile_vr_interface_demo/main.gd		Node3D	34		_ready,_process
third_party/godot-demo-projects/xr/openxr_binding_modifier_demo/controller_state.gd		Control	38		_process
third_party/godot-demo-projects/xr/openxr_binding_modifier_demo/start_vr.gd		Node3D	112	focus_lost,focus_gained,pose_recentered	_ready,_on_openxr_session_begun,_on_openxr_visible_state,_on_openxr_focused_state,_on_openxr_stopping,_on_openxr_pose_recentered
third_party/godot-demo-projects/xr/openxr_character_centric_movement/objects/black_out.gd		Node3D	24		_update_fade,_ready
third_party/godot-demo-projects/xr/openxr_character_centric_movement/player.gd		CharacterBody3D	154		recenter,_get_movement_input,_process_on_physical_movement,_process_movement_on_input,_physics_process
third_party/godot-demo-projects/xr/openxr_character_centric_movement/start_vr.gd		Node3D	123	session_started,focus_lost,focus_gained,pose_recentered	get_xr_interface,_ready,_on_openxr_session_begun,_on_openxr_visible_state,_on_openxr_focused_state,_on_openxr_stopping,_on_openxr_pose_recentered
third_party/godot-demo-projects/xr/openxr_composition_layers/handle_pointers.gd		OpenXRCompositionLayerEquirect	80		_input,_intersect_to_viewport_pos,_process
third_party/godot-demo-projects/xr/openxr_composition_layers/main.gd		Node3D	64		_ready,_update_energy,_do_tween_energy,_on_left_hand_button_pressed,_on_right_hand_button_pressed
third_party/godot-demo-projects/xr/openxr_composition_layers/start_vr.gd		Node3D	123	session_started,focus_lost,focus_gained,pose_recentered	get_xr_interface,_ready,_on_openxr_session_begun,_on_openxr_visible_state,_on_openxr_focused_state,_on_openxr_stopping,_on_openxr_pose_recentered
third_party/godot-demo-projects/xr/openxr_composition_layers/ui.gd		Control	15		_input,_on_button_pressed
third_party/godot-demo-projects/xr/openxr_hand_tracking_demo/hand_controller.gd		XRController3D	16		_process
third_party/godot-demo-projects/xr/openxr_hand_tracking_demo/hand_info.gd		Node3D	67		_process
third_party/godot-demo-projects/xr/openxr_hand_tracking_demo/hand_mesh.gd		XRNode3D	41		_process
third_party/godot-demo-projects/xr/openxr_hand_tracking_demo/pickup/pickup_able_body.gd	PickupAbleBody3D	RigidBody3D	111		add_is_closest,remove_is_closest,is_picked_up,pick_up,let_go,_update_highlight
third_party/godot-demo-projects/xr/openxr_hand_tracking_demo/pickup/pickup_handler.gd	PickupHandler3D	Area3D	119		_update_detect_range,_update_closest_body,_get_parent_controller,_ready,_physics_process
third_party/godot-demo-projects/xr/openxr_hand_tracking_demo/start_vr.gd		Node3D	123	session_started,focus_lost,focus_gained,pose_recentered	get_xr_interface,_ready,_on_openxr_session_begun,_on_openxr_visible_state,_on_openxr_focused_state,_on_openxr_stopping,_on_openxr_pose_recentered
third_party/godot-demo-projects/xr/openxr_hand_tracking_demo/xr_hand_fallback_modifier_3d.gd	XRHandFallbackModifier3D	SkeletonModifier3D	80		_process_modification
third_party/godot-demo-projects/xr/openxr_origin_centric_movement/objects/black_out.gd		Node3D	23		_update_fade,_ready
third_party/godot-demo-projects/xr/openxr_origin_centric_movement/player.gd		XROrigin3D	162		recenter,_get_movement_input,_process_on_physical_movement,_copy_player_rotation_to_character_body,_process_movement_on_input,_physics_process
third_party/godot-demo-projects/xr/openxr_origin_centric_movement/start_vr.gd		Node3D	123	session_started,focus_lost,focus_gained,pose_recentered	get_xr_interface,_ready,_on_openxr_session_begun,_on_openxr_visible_state,_on_openxr_focused_state,_on_openxr_stopping,_on_openxr_pose_recentered
third_party/godot-demo-projects/xr/openxr_passthrough/fade_message.gd	FadeMessage3D	Node3D	91		_update_text,_update_color,_ready,_process
third_party/godot-demo-projects/xr/openxr_passthrough/main.gd		Node3D	64		switch_to_ar,switch_to_vr,_on_start_vr_session_started,_on_button_released
third_party/godot-demo-projects/xr/openxr_passthrough/start_vr.gd		Node3D	123	session_started,focus_lost,focus_gained,pose_recentered	get_xr_interface,_ready,_on_openxr_session_begun,_on_openxr_visible_state,_on_openxr_focused_state,_on_openxr_stopping,_on_openxr_pose_recentered
third_party/godot-demo-projects/xr/openxr_render_models/collision_hands.gd	CollisionHands3D	AnimatableBody3D	19		_ready,_physics_process
third_party/godot-demo-projects/xr/openxr_render_models/start_vr.gd		Node3D	123	session_started,focus_lost,focus_gained,pose_recentered	get_xr_interface,_ready,_on_openxr_session_begun,_on_openxr_visible_state,_on_openxr_focused_state,_on_openxr_stopping,_on_openxr_pose_recentered
third_party/godot-demo-projects/xr/openxr_spectator_view/cameras/spectator_camera.gd		Camera3D	40		_ready,_process
third_party/godot-demo-projects/xr/openxr_spectator_view/cameras/spectator_camera_area.gd		Area3D	72		_get_controller,_ready,_process,_enter_pointer,_exit_pointer
third_party/godot-demo-projects/xr/openxr_spectator_view/cameras/stabilized_camera.gd		Camera3D	50		_process
third_party/godot-demo-projects/xr/openxr_spectator_view/main.gd		Node3D	40		_enable_pointer,_ready,_on_left_hand_aim_button_pressed,_on_right_hand_aim_button_pressed
third_party/godot-demo-projects/xr/openxr_spectator_view/spectator.gd		Node2D	121		_reposition_texture_rect,_on_size_changed,_ready,_on_main_session_begun,_on_spectator_view_item_selected,_on_track_camera_toggled,_on_zoom_slider_value_changed
third_party/godot-demo-projects/xr/openxr_spectator_view/start_vr.gd		Node3D	122	session_begun,focus_lost,focus_gained,pose_recentered	get_vr_render_size,_ready,_on_openxr_session_begun,_on_openxr_visible_state,_on_openxr_focused_state,_on_openxr_stopping,_on_openxr_pose_recentered
third_party/godot-demo-projects/xr/openxr_spectator_view/xr_pointer.gd	XRPointer	RayCast3D	41		_process
third_party/godot-demo-projects/xr/webxr/main.gd		Node3D	136		_ready,_webxr_session_supported,_on_enter_vr_button_pressed,_webxr_session_started,_webxr_session_ended,_webxr_session_failed,_on_left_controller_button_pressed,_on_left_controller_button_released,_process,_webxr_on_select,_webxr_on_select_start,_webxr_on_select_end,_webxr_on_squeeze,_webxr_on_squeeze_start,_webxr_on_squeeze_end
third_party/godot-open-rpg/addons/dialogic/Core/DialogicGameHandler.gd	DialogicGameHandler	Node	483	state_changed,dialogic_paused,dialogic_resumed,timeline_started,timeline_ended,event_handled,signal_event,text_signal	_ready,start,start_timeline,preload_timeline,end_timeline,timeline_exists,handle_next_event,handle_event,clear,_cleanup_previous_event,get_full_state,load_full_state,_collect_subsystems,has_subsystem,get_subsystem,add_subsystem,print_debug_moment
third_party/godot-open-rpg/addons/dialogic/Core/DialogicResourceUtil.gd	DialogicResourceUtil		376		update,get_directory,set_directory,update_directory,add_resource_to_directory,get_unique_identifier_by_path,get_resource_path_from_identifier,get_resource_from_identifier,resource_exists_from_identifier,change_unique_identifier,change_resource_path,remove_resource,is_identifier_unused,register_runtime_resource,get_runtime_unique_identifier,get_label_cache,set_label_cache,update_label_cache,get_audio_channel_cache,get_channel_list,set_audio_channel_cache,update_audio_channel_cache,get_event_cache,update_event_cache,update_special_resources,list_special_resources,match_resource_filter,guess_special_resource,get_character_directory,get_timeline_directory,timeline_resource_exists,get_timeline_resource,get_character_resource,list_resources_of_type,scan_folder
third_party/godot-open-rpg/addons/dialogic/Core/DialogicUtil.gd	DialogicUtil		839		get_editor_scale,get_dialogic_plugin,autoload,listdir,get_module_path,_update_autoload_subsystem_access,get_indexers,pretty_name,set_editor_setting,get_editor_setting,get_color_palette,get_color,is_physics_timer,update_timer_process_callback,multitween,get_next_translation_id,get_default_variables,list_variables,get_variable_value_type,get_variable_type,_set_value_in_dictionary,_get_value_in_dictionary,apply_scene_export_overrides,get_scene_export_defaults,make_file_custom,customize_file,setup_script_property_edit_node,_on_export_input_text_submitted,_on_export_bool_submitted,_on_export_color_submitted,_on_export_int_enum_submitted,_on_export_number_submitted,_on_export_file_submitted,_on_export_string_enum_submitted,_on_export_vector_submitted,_on_export_vectori_submitted,_on_export_dict_submitted,_on_export_array_submitted,set_property_edit_node_value,get_custom_event_defaults,str_to_bool,logical_convert,str_to_hash_set,get_character_suggestions,get_portrait_suggestions,get_portrait_position_suggestions,get_autoload_suggestions,get_autoload_script_resource,get_autoload_method_suggestions,get_autoload_property_suggestions,get_audio_bus_suggestions,get_audio_channel_suggestions,get_audio_channel_defaults,validate_audio_channel_name
third_party/godot-open-rpg/addons/dialogic/Core/Dialogic_Subsystem.gd	DialogicSubsystem	Node	99		_post_install,_clear_state,_pause,_resume,load_state,_load_state,get_state,pack_extra_state,_pack_extra_state,get_extra_state,pack_exported_state,unpack_state
third_party/godot-open-rpg/addons/dialogic/Core/index_class.gd	DialogicIndexer	RefCounted	152		_get_events,_get_subsystems,_get_editors,_get_settings_pages,_get_character_editor_sections,_get_text_effects,_get_text_modifiers,_get_special_resources,_get_portrait_scene_presets,list_dir,list_special_resources,list_animations,_get_style_presets,_get_layout_parts,scan_for_layout_parts
third_party/godot-open-rpg/addons/dialogic/Core/save_state.gd	DialogicSaveState	Resource	6		
third_party/godot-open-rpg/addons/dialogic/Editor/CharacterEditor/char_edit_p_section_exports.gd		DialogicCharacterEditorPortraitSection	91		_get_title,_load_portrait_data,_recheck,set_export_override
third_party/godot-open-rpg/addons/dialogic/Editor/CharacterEditor/char_edit_p_section_layout.gd		DialogicCharacterEditorPortraitSection	44		_get_title,_load_portrait_data,_on_portrait_scale_value_changed,_on_portrait_mirror_toggled,_on_ignore_scale_toggled,_on_portrait_offset_value_changed
third_party/godot-open-rpg/addons/dialogic/Editor/CharacterEditor/char_edit_p_section_main.gd		DialogicCharacterEditorPortraitSection	101		_get_title,_init,_start_opened,_ready,_load_portrait_data,_on_open_scene_button_pressed,_on_change_scene_button_pressed,_on_portrait_scene_browser_activate_part,create_new_portrait_scene,make_portrait_preset_custom,set_scene_path,reload_ui
third_party/godot-open-rpg/addons/dialogic/Editor/CharacterEditor/char_edit_p_section_main_exports.gd		DialogicCharacterEditorPortraitSection	80		_show_title,_load_portrait_data,_recheck,load_portrait_scene_export_variables,set_export_override
third_party/godot-open-rpg/addons/dialogic/Editor/CharacterEditor/char_edit_section_general.gd		DialogicCharacterEditorMainSection	53		_get_title,_start_opened,_ready,_load_character,_save_changes,_on_resized
third_party/godot-open-rpg/addons/dialogic/Editor/CharacterEditor/char_edit_section_portraits.gd		DialogicCharacterEditorMainSection	76		_get_title,_ready,main_portrait_settings_update,default_portrait_changed,set_default_portrait,_load_character,_save_changes,suggest_portraits
third_party/godot-open-rpg/addons/dialogic/Editor/CharacterEditor/character_editor.gd		DialogicEditor	702	character_loaded,portrait_selected	_register,_get_title,_get_icon,_open_resource,_open,_clear,_save,new_character,_ready,add_settings_section,get_settings_section_by_name,_on_section_button_pressed,something_changed,hide_main_settings,show_main_settings,_on_switch_portrait_settings_position_pressed,set_portrait_settings_position,setup_portrait_list_tab,open_portrait_folder_select,import_portraits_from_file_list,add_portrait,add_portrait_group,load_portrait_tree,filter_portrait_list,filter_branch,get_updated_portrait_dict,list_portraits,load_selected_portrait,delete_portrait_item,duplicate_item,_input,_on_portrait_right_click_menu_index_pressed,update_default_portrait_star,_on_item_edited,_on_item_activated,report_name_change,update_preview,_on_some_resource_saved,_on_full_preview_available_rect_resized,_on_create_character_button_pressed,_on_fit_preview_toggle_toggled,_on_reference_manger_button_pressed
third_party/godot-open-rpg/addons/dialogic/Editor/CharacterEditor/character_editor_main_settings_section.gd	DialogicCharacterEditorMainSection	Control	42	changed	_get_title,_show_title,_start_opened,_load_character,_save_changes
third_party/godot-open-rpg/addons/dialogic/Editor/CharacterEditor/character_editor_portrait_settings_section.gd	DialogicCharacterEditorPortraitSection	Control	48	changed,update_preview	_get_title,_show_title,_start_opened,_load_portrait_data,_recheck
third_party/godot-open-rpg/addons/dialogic/Editor/CharacterEditor/character_editor_portrait_tree.gd		Tree	164		_ready,clear_tree,add_portrait_item,add_portrait_group,get_full_item_name,create_necessary_group_items,_on_item_mouse_selected,update_left_item_margin,_get_drag_data,_can_drop_data,_drop_data,copy_branch_or_item
third_party/godot-open-rpg/addons/dialogic/Editor/CharacterEditor/character_prefix_suffix.gd	DialogicCharacterPrefixSuffixSection	DialogicCharacterEditorMainSection	79		_ready,_suffix_changed,_prefix_changed,_get_title,_show_title,_start_opened,_load_portrait_data,_load_character,_load_prefix_data,_save_changes
third_party/godot-open-rpg/addons/dialogic/Editor/CharacterEditor/portrait_scene_browser.gd		Control	126	activate_part	_ready,collect_portrait_scenes,open,is_premade_portrait_scene,load_parts,_on_item_clicked,load_part_info,_on_activate_button_pressed,_on_close_button_pressed,_on_search_text_changed
third_party/godot-open-rpg/addons/dialogic/Editor/Common/BrowserItem.gd		Container	86	clicked,middle_clicked,double_clicked,focused	_ready,load_info,set_scene_preview,set_current,_on_mouse_entered,_on_mouse_exited,_on_gui_input,_on_focus_entered,_on_focus_exited
third_party/godot-open-rpg/addons/dialogic/Editor/Common/DCSS.gd	DCSS		47		inline
third_party/godot-open-rpg/addons/dialogic/Editor/Common/ReferenceManager_AddReplacementPanel.gd		PanelContainer	124		_ready,_on_add_pressed,open_existing,_on_type_item_selected,_on_where_item_selected,get_character_suggestions,save
third_party/godot-open-rpg/addons/dialogic/Editor/Common/broken_reference_manager.gd		VSplitContainer	391		_ready,open,_on_change_tree_button_clicked,_on_change_tree_item_edited,_on_check_button_pressed,open_finder,_process,display_search_results,_custom_draw,search_timelines,_exit_tree,get_line,update_count_coloring,_on_replace_pressed,replace,update_indicator,close,_on_add_button_pressed
third_party/godot-open-rpg/addons/dialogic/Editor/Common/hint_tooltip_icon.gd		TextureRect	12		_ready
third_party/godot-open-rpg/addons/dialogic/Editor/Common/reference_manager.gd		PanelContainer	45		_ready,tab_changed,open,_on_close_pressed,_on_help_button_pressed
third_party/godot-open-rpg/addons/dialogic/Editor/Common/reference_manager_window.gd		Window	201		_ready,add_ref_change,_check_for_ref_change_cycle,add_variable_ref_change,add_portrait_ref_change,add_character_name_ref_change,add_timeline_name_ref_change,open,_on_close_requested,get_change_count,update_indicator,_on_file_moved,_on_file_removed
third_party/godot-open-rpg/addons/dialogic/Editor/Common/sidebar.gd	DialogicSidebar	Object	635	content_item_activated,show_sidebar	_ready,set_unsaved_indicator,_on_logo_gui_input,_show_sidebar,_hide_sidebar,_on_editors_resource_opened,_on_editors_editor_changed,clean_resource_list,update_resource_list,add_item,add_folder_item,get_directory_items,_to_string,get_parent_directory,_sort_by_item_text,_on_resources_tree_item_activated,_on_resources_tree_item_clicked,_on_resources_tree_item_collapsed,edit_resource,remove_item_from_list,_on_right_click_menu_id_pressed,_on_search_text_changed,_on_search_text_submitted,update_content_list,_on_resource_list_options_id_pressed,_on_grouping_changed,reload_resource_list_from_grouping,list_all,_on_main_v_split_dragged,_on_resource_tree_empty_clicked,_on_right_click_no_item_menu_id_pressed,add_button
third_party/godot-open-rpg/addons/dialogic/Editor/Common/sidebar_resource_tree.gd		Tree	10		_get_drag_data
third_party/godot-open-rpg/addons/dialogic/Editor/Common/toolbar.gd		HBoxContainer	27		_ready,add_button
third_party/godot-open-rpg/addons/dialogic/Editor/Common/unique_identifiers_manager.gd		PanelContainer	97		_ready,open,close,fill_table,_on_identifier_table_item_edited,_on_identifier_table_button_clicked,filter_tree,_on_search_text_changed
third_party/godot-open-rpg/addons/dialogic/Editor/Common/update_install_window.gd		Control	179		_ready,open,load_info,_on_window_close_requested,_on_install_pressed,_on_refresh_pressed,_on_update_manager_downdload_completed,_on_resources_reimported,markdown_to_bbcode,_on_content_meta_clicked,_on_install_mouse_entered,_on_install_mouse_exited,_on_restart_pressed,_on_close_button_pressed
third_party/godot-open-rpg/addons/dialogic/Editor/Common/update_manager.gd		Node	190	update_check_completed,downdload_completed	_ready,get_current_version,request_update_check,_on_UpdateCheck_request_completed,compare_versions,get_release_tag_info,request_update_download,_on_DownloadRequest_completed,setup_version_indicator,_on_update_check_completed
third_party/godot-open-rpg/addons/dialogic/Editor/Events/BranchEnd.gd		Control	78		_ready,visual_select,visual_deselect,is_selected,highlight,unhighlight,set_indent,parent_node_changed,add_end_control
third_party/godot-open-rpg/addons/dialogic/Editor/Events/EventBlock/event_block.gd		MarginContainer	484	content_changed	_ready,initialize_ui,initialize_logic,visual_select,visual_deselect,is_selected,set_warning,set_indent,post_indent_update,update_contain_ui,_draw,build_editor,recalculate_field_visibility,set_property,_evaluate_visibility_condition,get_field_node,_on_resource_ui_update_needed,_on_collapse_toggled,_on_ToggleBodyVisibility_toggled,_on_EventNode_gui_input
third_party/godot-open-rpg/addons/dialogic/Editor/Events/EventBlock/event_right_click_menu.gd		PopupMenu	25		_ready
third_party/godot-open-rpg/addons/dialogic/Editor/Events/Fields/array_part.gd		PanelContainer	28	value_changed	_ready,set_value,get_value,_on_delete_pressed
third_party/godot-open-rpg/addons/dialogic/Editor/Events/Fields/dictionary_part.gd		PanelContainer	43	value_changed	set_key,get_key,set_value,get_value,_ready,focus_key,_on_key_text_changed,_on_flex_value_value_changed,_on_delete_pressed
third_party/godot-open-rpg/addons/dialogic/Editor/Events/Fields/field_array.gd		DialogicVisualEditorField	48		_ready,_set_value,_on_value_changed,recalculate_values,_on_AddButton_pressed
third_party/godot-open-rpg/addons/dialogic/Editor/Events/Fields/field_audio_preview.gd		DialogicVisualEditorField	52		_ready,_set_value,_on_pressed,_on_finished,_stop,_play
third_party/godot-open-rpg/addons/dialogic/Editor/Events/Fields/field_bool_button.gd		DialogicVisualEditorField	38		_ready,_load_display_info,_set_value,_on_value_changed
third_party/godot-open-rpg/addons/dialogic/Editor/Events/Fields/field_bool_check.gd		DialogicVisualEditorField	30		_ready,_load_display_info,_set_value,_on_value_changed
third_party/godot-open-rpg/addons/dialogic/Editor/Events/Fields/field_color.gd		DialogicVisualEditorField	30		_ready,_load_display_info,_set_value,_on_value_changed
third_party/godot-open-rpg/addons/dialogic/Editor/Events/Fields/field_condition.gd		DialogicVisualEditorField	266		_set_value,_autofocus,_ready,load_simple_editor,value_type_changed,get_value_type,prep_value,trim_value,something_changed,is_too_complex,get_simple_condition,complex2simple,_on_toggle_complex_toggled,_on_complex_editor_text_changed,get_variable_suggestions,_on_value_1_variable_value_changed
third_party/godot-open-rpg/addons/dialogic/Editor/Events/Fields/field_dictionary.gd		DialogicVisualEditorField	60		_ready,_set_value,_on_value_changed,recalculate_values,_on_AddButton_pressed
third_party/godot-open-rpg/addons/dialogic/Editor/Events/Fields/field_file.gd		DialogicVisualEditorField	165		_ready,_load_display_info,_set_value,_on_OpenButton_pressed,_on_file_dialog_selected,_on_EditButton_pressed,clear_path,_can_drop_data_fw,_drop_data_fw,_on_field_focus_entered,_on_field_focus_exited
third_party/godot-open-rpg/addons/dialogic/Editor/Events/Fields/field_flex_value.gd		HBoxContainer	154	value_changed	_ready,set_value,deduce_type,_on_type_changed,get_value,_on_delete_pressed,change_field_type,_on_bool_toggled,_on_str_text_changed,_on_expression_changed,_on_number_value_changed
third_party/godot-open-rpg/addons/dialogic/Editor/Events/Fields/field_image_preview.gd		DialogicVisualEditorField	64		_ready,_enter_tree,_set_value,_on_body_visibility_toggled,is_preview_enabled,get_preview_size
third_party/godot-open-rpg/addons/dialogic/Editor/Events/Fields/field_number.gd	DialogicVisualEditorFieldNumber	DialogicVisualEditorField	209		_ready,_load_display_info,_set_value,_autofocus,get_value,use_float_mode,use_int_mode,use_decibel_mode,_holding_button,update_prefix,update_suffix,_on_gui_input,_on_increment_button_down,_on_decrement_button_down,_on_value_text_submitted,_on_sublabel_clicked,_on_value_focus_exited,_on_value_focus_entered
third_party/godot-open-rpg/addons/dialogic/Editor/Events/Fields/field_options_dynamic.gd		DialogicVisualEditorField	370		_set_value,_load_display_info,_autofocus,_ready,change_to_empty,validate,update_error_tooltip,_on_Search_text_entered,_on_Search_text_changed,suggestion_selected,_input,hide_suggestions,_on_SelectButton_toggled,_on_focus_entered,_on_search_gui_input,_on_search_focus_entered,_on_search_focus_exited,_can_drop_data,_drop_data
third_party/godot-open-rpg/addons/dialogic/Editor/Events/Fields/field_options_fixed.gd		DialogicVisualEditorField	67		_ready,_load_display_info,_set_value,get_value,insert_options,index_pressed
third_party/godot-open-rpg/addons/dialogic/Editor/Events/Fields/field_text_multiline.gd		DialogicVisualEditorField	74		_ready,_load_display_info,_set_value,_autofocus,_on_text_changed,_request_code_completion,_filter_code_completion_candidates,_confirm_code_completion,_on_symbol_lookup,_on_symbol_validate
third_party/godot-open-rpg/addons/dialogic/Editor/Events/Fields/field_text_singleline.gd		DialogicVisualEditorField	40		_ready,_load_display_info,_set_value,_autofocus,_on_text_changed
third_party/godot-open-rpg/addons/dialogic/Editor/Events/Fields/field_vector2.gd		DialogicVisualEditorFieldVector	31		_set_value,get_value,_on_sub_value_changed,_update_sub_component_text,_on_step_changed
third_party/godot-open-rpg/addons/dialogic/Editor/Events/Fields/field_vector3.gd		DialogicVisualEditorFieldVector	34		_set_value,get_value,_on_sub_value_changed,_update_sub_component_text,_on_step_changed
third_party/godot-open-rpg/addons/dialogic/Editor/Events/Fields/field_vector4.gd		DialogicVisualEditorFieldVector	37		_set_value,get_value,_on_sub_value_changed,_update_sub_component_text,_on_step_changed
third_party/godot-open-rpg/addons/dialogic/Editor/Events/Fields/field_vector_base.gd	DialogicVisualEditorFieldVector	DialogicVisualEditorField	47		_ready,_load_display_info,_set_value,_on_value_changed,_on_sub_value_changed,_update_sub_component_text,_on_step_changed
third_party/godot-open-rpg/addons/dialogic/Editor/Events/event_field.gd	DialogicVisualEditorField	Control	36	value_changed	_load_display_info,_set_value,_autofocus,set_value,take_autofocus
third_party/godot-open-rpg/addons/dialogic/Editor/HomePage/home_page.gd		DialogicEditor	89		_get_icon,_ready,_register,_open,show_tip,_on_tip_action
third_party/godot-open-rpg/addons/dialogic/Editor/Inspector/inspector_plugin.gd		EditorInspectorPlugin	15		_can_handle,_parse_property
third_party/godot-open-rpg/addons/dialogic/Editor/Inspector/timeline_inspector_field.gd		EditorProperty	82		_init,_on_field_value_changed,_update_property,get_timeline_suggestions,_on_button_pressed
third_party/godot-open-rpg/addons/dialogic/Editor/Settings/CoreSettingsPages/csv_file.gd	DialogicCsvFile	RefCounted	356		_init,_read_file_into_lines,collect_lines_from_characters,_append_empty,_get_key_type,_process_line_into_array,_add_keys_to_glossary,add_translation_keys_to_glossary,_get_glossary_translation_key_prefix,_sort_glossary_entry_property_keys,collect_lines_from_glossary,collect_lines_from_timeline,update_csv_file_on_disk
third_party/godot-open-rpg/addons/dialogic/Editor/Settings/CoreSettingsPages/settings_editor.gd		DialogicSettingsPage	168		_get_title,_get_priority,_refresh,_ready,_about_to_close,refresh_visual_timeline_editor,reload_section_list,_on_section_list_button_clicked,update_color_palette,_on_palette_color_popup_closed,_on_reset_colors_button,_on_ImagePreviewHeight_value_changed,_on_EventBlockMargin_value_changed,_on_ShowEventNames_toggled
third_party/godot-open-rpg/addons/dialogic/Editor/Settings/CoreSettingsPages/settings_general.gd	Dialogic	DialogicSettingsPage	177		_get_title,_get_priority,_ready,_refresh,_on_physics_timer_button_toggled,_on_ExtensionsFolder_value_changed,_on_layout_node_end_behaviour_item_selected,_on_create_extension_button_pressed,_on_submit_extension_button_pressed,_execute,_init,get_shortcode,get_shortcode_parameters,build_event_editor,_clear_state,_load_state,force_event_button_list_reload,_on_reload_pressed
third_party/godot-open-rpg/addons/dialogic/Editor/Settings/CoreSettingsPages/settings_modules.gd		DialogicSettingsPage	487		_get_title,_get_priority,_is_feature_tab,_ready,_refresh,_on_refresh_pressed,_on_filter_toggled,_on_collapse_toggled,_on_search_text_changed,load_modules_tree,_on_tree_button_clicked,_on_tree_item_selected,_on_external_link_pressed,change_event_visibility,_on_visibility_toggle_toggled,force_event_button_list_update,_on_show_in_file_system_pressed,_on_documentation_pressed,_on_open_pressed,get_element_path,load_event_settings,set_event_default_override,_on_export_override_reset,set_customization_value
third_party/godot-open-rpg/addons/dialogic/Editor/Settings/CoreSettingsPages/settings_tools.gd		Node	80	tool_finished_signal	_ready,execute_tool,_process,_exit_tree,close_active_timeline,silently_open_timeline
third_party/godot-open-rpg/addons/dialogic/Editor/Settings/CoreSettingsPages/settings_translation.gd		DialogicSettingsPage	659		_get_icon,_is_feature_tab,_ready,_on_custom_action,_refresh,store_changes,_verify_translation_file,get_locales,_on_update_translations_pressed,_delete_and_update,_handle_glossary_translation,update_csv_files,_handle_character_names,collect_translations,_on_erase_translations_pressed,delete_translations_files,erase_translations,_erase_glossary_translation_ids,_erase_character_name_translation_ids,_close_active_timeline,_silently_open_timeline,_collect_locale
third_party/godot-open-rpg/addons/dialogic/Editor/Settings/CoreSettingsPages/tool_resave.gd		Node	32		resave_tool
third_party/godot-open-rpg/addons/dialogic/Editor/Settings/HintLabelStylingScript.gd		Label	13		_ready
third_party/godot-open-rpg/addons/dialogic/Editor/Settings/settings_editor.gd		DialogicEditor	169		_get_title,_get_icon,_register,_ready,register_settings_section,add_registered_sections,open_tab,section_sort,_open,_close,refresh
third_party/godot-open-rpg/addons/dialogic/Editor/Settings/settings_page.gd	DialogicSettingsPage	Control	36		_get_title,_get_priority,_is_feature_tab,_refresh,_about_to_close,_get_info_section
third_party/godot-open-rpg/addons/dialogic/Editor/TimelineEditor/TextEditor/CodeCompletionHelper.gd		Node	333		_ready,get_code_completion_line,get_code_completion_word,get_code_completion_parameter_value,get_code_completion_prev_symbol,get_line_untill_caret,request_code_completion,suggest_characters,suggest_timelines,suggest_labels,suggest_portraits,suggest_variables,suggest_bool,suggest_custom_suggestions,suggest_shortcode_values,filter_code_completion_candidates,confirm_code_completion,symbol_lookup,symbol_validate
third_party/godot-open-rpg/addons/dialogic/Editor/TimelineEditor/TextEditor/syntax_highlighter.gd		SyntaxHighlighter	216		_init,update_colors,_get_line_syntax_highlighting,line_is_shortcode_event,get_full_event,fix_dict,color_condition,color_translation_id,color_word,color_region,color_shortcode_content,dict_get_color_at_column
third_party/godot-open-rpg/addons/dialogic/Editor/TimelineEditor/TextEditor/timeline_editor_text.gd		CodeEdit	365		_ready,_on_text_editor_text_changed,clear_timeline,load_timeline,save_timeline,text_timeline_to_array,_on_context_menu_id_pressed,play_from_here,_gui_input,toggle_comment,_can_drop_data,_drop_data,_on_update_timer_timeout,update_content_list,_on_content_item_clicked,_search_timeline,_search_navigate_down,_search_navigate_up,search_navigate,get_next_search_position,replace,replace_all,_request_code_completion,_filter_code_completion_candidates,_confirm_code_completion,_on_symbol_lookup,_on_symbol_validate
third_party/godot-open-rpg/addons/dialogic/Editor/TimelineEditor/VisualEditor/TimelineArea.gd		ScrollContainer	228	drag_completed,drag_canceled	_ready,start_dragging,_input,_process,finish_dragging,_draw,add_extra_scroll_area_to_timeline
third_party/godot-open-rpg/addons/dialogic/Editor/TimelineEditor/VisualEditor/add_event_button.gd		Button	85		_ready,apply_base_button_style,set_color,toggle_name,_on_button_down,_make_custom_tooltip
third_party/godot-open-rpg/addons/dialogic/Editor/TimelineEditor/VisualEditor/timeline_editor_visual.gd		Container	1501	selection_updated,batch_loaded,timeline_loaded	something_changed,save_timeline,_notification,load_timeline,is_loading_timeline,cancel_loading,batch_events,load_batch,_on_batch_loaded,clear_timeline_nodes,_ready,_on_undoredo_changed,load_event_buttons,_on_content_item_clicked,update_content_list,_on_event_block_gui_input,_can_drop_data,_on_timeline_area_drag_completed,add_event_node,create_end_branch_event,add_event_with_end_branch,add_event_undoable,get_events_indexed,get_events_at_index_indexed,select_events_indexed,add_events_indexed,delete_events_indexed,delete_selected_events,cut_events_indexed,copy_selected_events,get_clipboard_data,add_events_at_index,delete_events_at_index,_is_item_selected,select_item,visual_update_selection,sort_selection,custom_sort_selection,select_all_items,deselect_all_items,_add_event_button_pressed,get_block_above,get_block_below,move_blocks_to_index,move_events_by_indexes,offset_blocks_by_index,scroll_to_piece,indent_events,_on_event_popup_menu_id_pressed,play_from_here,_on_right_sidebar_resized,duplicate_selected,_input,get_previous_character,_search_timeline,_search_navigate_down,_search_navigate_up,search_navigate,get_next_search_position,search_text_field,replace,replace_all
third_party/godot-open-rpg/addons/dialogic/Editor/TimelineEditor/shortcut_popup.gd		PanelContainer	138		_process_shortcuts_for_platform,_ready,reload_shortcuts,open,_on_close_shortcut_panel_pressed,close
third_party/godot-open-rpg/addons/dialogic/Editor/TimelineEditor/test_timeline_scene.gd		Control	44		_ready,receive_event_signal,receive_text_signal,_input
third_party/godot-open-rpg/addons/dialogic/Editor/TimelineEditor/timeline_editor.gd		DialogicEditor	343		_register,_get_title,_get_icon,_open_resource,_save,_input,play_timeline,toggle_editor_mode,_on_resource_unsaved,_on_resource_saved,new_timeline,update_label_cache,update_audio_channel_cache,_ready,_on_create_timeline_button_pressed,_clear,get_current_editor,search_timeline,_on_close_search_pressed,_on_search_text_changed,_on_search_down_pressed,_on_search_up_pressed,_on_match_case_toggled,_on_whole_words_toggled,replace_in_timeline,_on_replace_button_pressed,_on_replace_all_button_pressed,_on_replace_global_pressed,set_progress
third_party/godot-open-rpg/addons/dialogic/Editor/dialogic_editor.gd	DialogicEditor	Control	67	resource_saved,resource_unsaved,opened	_register,_get_icon,_get_title,_open_resource,_save,_open,_close,_clear
third_party/godot-open-rpg/addons/dialogic/Editor/editor_main.gd		Control	373		_ready,_on_sidebar_toggled,update_theme_additions,toggle_floating_window,swap_to_floating_window,swap_to_embedded_editor,godot_file_dialog,_on_file_dialog_selected
third_party/godot-open-rpg/addons/dialogic/Editor/editors_manager.gd		Control	266	resource_opened,editor_changed	_ready,_add_editor,register_resource_editor,register_simple_editor,add_button,can_edit_resource,_on_editors_tab_changed,edit_resource,toggle_editor,open_editor,clear_editor,show_add_resource_dialog,_on_add_resource_dialog_accepted,save_current_resource,_on_resource_saved,_on_resource_unsaved,load_saved_state,save_current_state,_on_file_moved,_on_file_removed,get_current_editor
third_party/godot-open-rpg/addons/dialogic/Example Assets/already_read_indicator.gd		Control	12		_ready,_on_visited_event,_on_not_read_event
third_party/godot-open-rpg/addons/dialogic/Example Assets/bbcode_transitions/bbcode_transition_effect.gd	DialogicRichTextTransitionEffect	RichTextEffect	107		reset,skip,_process_custom_fx
third_party/godot-open-rpg/addons/dialogic/Example Assets/default_event.gd		DialogicEvent	51		_execute,_init,get_shortcode,get_shortcode_parameters,build_event_editor
third_party/godot-open-rpg/addons/dialogic/Example Assets/portraits/CustomPortrait_AnimatedSprite.gd		DialogicPortrait	18		_update_portrait,_on_animated_sprite_2d_animation_finished,_get_covered_rect
third_party/godot-open-rpg/addons/dialogic/Example Assets/portraits/CustomPortrait_FaceAtlas.gd		DialogicPortrait	70		_ready,_set_extra_data,_should_do_portrait_update,_update_portrait,_set_mirror,_get_covered_rect
third_party/godot-open-rpg/addons/dialogic/Modules/Audio/event_audio.gd	DialogicAudioEvent	DialogicEvent	407		_execute,_init,_get_icon,to_text,from_text,get_shortcode_parameters,store_to_shortcode_parameters,is_valid_event,_music_from_text,_sound_from_text,build_event_editor,_open_audio_settings,has_channel_defaults,get_audio_channel_suggestions,get_sync_audio_channel_suggestions,_get_code_completion,_get_start_code_completion,_get_syntax_highlighting
third_party/godot-open-rpg/addons/dialogic/Modules/Audio/index.gd		DialogicIndexer	14		_get_events,_get_subsystems,_get_settings_pages
third_party/godot-open-rpg/addons/dialogic/Modules/Audio/settings_audio.gd		DialogicSettingsPage	242		_ready,_refresh,_about_to_close,_on_type_sound_bus_item_selected,load_channel_defaults,save_channel_defaults,_on_add_channel_defaults_pressed,add_channel_defaults,_on_remove_channel_defaults_pressed,get_audio_channel_suggestions,revalidate_channel_names,validate_channel_names
third_party/godot-open-rpg/addons/dialogic/Modules/Audio/subsystem_audio.gd		DialogicSubsystem	238	audio_started	_clear_state,_load_state,_pause,_resume,_on_dialogic_timeline_ended,_ready,update_audio,is_channel_playing,stop_all_channels,stop_all_one_shot_sounds,interpolate_volume_linearly,is_channel_playing_file,is_any_channel_playing,_on_audio_finished
third_party/godot-open-rpg/addons/dialogic/Modules/Background/DefaultBackgroundScene/default_background.gd		DialogicBackground	31		_ready,_update_background
third_party/godot-open-rpg/addons/dialogic/Modules/Background/Transitions/Defaults/push_down.gd		res://addons/dialogic/Modules/Background/Transitions/simple_push_transitions.gd	7		_fade
third_party/godot-open-rpg/addons/dialogic/Modules/Background/Transitions/Defaults/push_left.gd		res://addons/dialogic/Modules/Background/Transitions/simple_push_transitions.gd	7		_fade
third_party/godot-open-rpg/addons/dialogic/Modules/Background/Transitions/Defaults/push_right.gd		res://addons/dialogic/Modules/Background/Transitions/simple_push_transitions.gd	7		_fade
third_party/godot-open-rpg/addons/dialogic/Modules/Background/Transitions/Defaults/push_up.gd		res://addons/dialogic/Modules/Background/Transitions/simple_push_transitions.gd	7		_fade
third_party/godot-open-rpg/addons/dialogic/Modules/Background/Transitions/Defaults/simple_fade.gd		DialogicBackgroundTransition	13		_fade
third_party/godot-open-rpg/addons/dialogic/Modules/Background/Transitions/Defaults/swipe_diagonal_up_left.gd		res://addons/dialogic/Modules/Background/Transitions/simple_swipe_transitions.gd	8		_fade
third_party/godot-open-rpg/addons/dialogic/Modules/Background/Transitions/Defaults/swipe_left_to_right.gd		res://addons/dialogic/Modules/Background/Transitions/simple_swipe_transitions.gd	10		_fade
third_party/godot-open-rpg/addons/dialogic/Modules/Background/Transitions/Defaults/swipe_right_to_left.gd		res://addons/dialogic/Modules/Background/Transitions/simple_swipe_transitions.gd	8		_fade
third_party/godot-open-rpg/addons/dialogic/Modules/Background/Transitions/class_dialogic_background_transition.gd	DialogicBackgroundTransition	Node	57	transition_finished	_fade,set_shader,tween_shader_progress
third_party/godot-open-rpg/addons/dialogic/Modules/Background/Transitions/simple_push_transitions.gd		DialogicBackgroundTransition	9		setup_push_shader
third_party/godot-open-rpg/addons/dialogic/Modules/Background/Transitions/simple_swipe_transitions.gd		DialogicBackgroundTransition	14		setup_swipe_shader
third_party/godot-open-rpg/addons/dialogic/Modules/Background/dialogic_background.gd	DialogicBackground	Node	45		_update_background,_should_do_background_update,_custom_fade_in,_custom_fade_out,_get_state,_load_state
third_party/godot-open-rpg/addons/dialogic/Modules/Background/event_background.gd	DialogicBackgroundEvent	DialogicEvent	203		_execute,_init,get_shortcode,get_shortcode_parameters,build_event_editor,get_transition_suggestions
third_party/godot-open-rpg/addons/dialogic/Modules/Background/index.gd		DialogicIndexer	13		_get_events,_get_subsystems,_get_special_resources
third_party/godot-open-rpg/addons/dialogic/Modules/Background/node_background_holder.gd	DialogicNode_BackgroundHolder	ColorRect	6		_ready
third_party/godot-open-rpg/addons/dialogic/Modules/Background/subsystem_backgrounds.gd		DialogicSubsystem	225	background_changed	_clear_state,_load_state,_pack_extra_state,update_background,_on_transition_finished,add_background_node,has_background,get_background_node
third_party/godot-open-rpg/addons/dialogic/Modules/Call/event_call.gd	DialogicCallEvent	DialogicEvent	251		_execute,_init,to_text,from_text,is_valid_event,get_shortcode_parameters,build_event_editor,get_method_suggestions,update_argument_info,check_arguments_and_update_warning,_get_code_completion,_get_start_code_completion,_get_syntax_highlighting
third_party/godot-open-rpg/addons/dialogic/Modules/Call/index.gd		DialogicIndexer	6		_get_events
third_party/godot-open-rpg/addons/dialogic/Modules/Character/DefaultAnimations/bounce.gd		DialogicAnimation	16		animate,_get_named_variations
third_party/godot-open-rpg/addons/dialogic/Modules/Character/DefaultAnimations/bounce_in_out.gd		DialogicAnimation	39		animate,_get_named_variations
third_party/godot-open-rpg/addons/dialogic/Modules/Character/DefaultAnimations/fade_down_in_out.gd		DialogicAnimation	44		animate,_get_named_variations
third_party/godot-open-rpg/addons/dialogic/Modules/Character/DefaultAnimations/fade_in_out.gd		DialogicAnimation	34		animate,_get_named_variations
third_party/godot-open-rpg/addons/dialogic/Modules/Character/DefaultAnimations/fade_up_in_out.gd		DialogicAnimation	44		animate,_get_named_variations
third_party/godot-open-rpg/addons/dialogic/Modules/Character/DefaultAnimations/heartbeat.gd		DialogicAnimation	13		animate,_get_named_variations
third_party/godot-open-rpg/addons/dialogic/Modules/Character/DefaultAnimations/instant_in_out.gd		DialogicAnimation	12		animate,_get_named_variations
third_party/godot-open-rpg/addons/dialogic/Modules/Character/DefaultAnimations/shake_x.gd		DialogicAnimation	20		animate,_get_named_variations
third_party/godot-open-rpg/addons/dialogic/Modules/Character/DefaultAnimations/shake_y.gd		DialogicAnimation	23		animate,_get_named_variations
third_party/godot-open-rpg/addons/dialogic/Modules/Character/DefaultAnimations/slide_down_in_out.gd		DialogicAnimation	27		animate,_get_named_variations
third_party/godot-open-rpg/addons/dialogic/Modules/Character/DefaultAnimations/slide_left_in_out.gd		DialogicAnimation	27		animate,_get_named_variations
third_party/godot-open-rpg/addons/dialogic/Modules/Character/DefaultAnimations/slide_right_in_out.gd		DialogicAnimation	24		animate,_get_named_variations
third_party/godot-open-rpg/addons/dialogic/Modules/Character/DefaultAnimations/slide_up_in.gd		DialogicAnimation	26		animate,_get_named_variations
third_party/godot-open-rpg/addons/dialogic/Modules/Character/DefaultAnimations/tada.gd		DialogicAnimation	25		animate,_get_named_variations
third_party/godot-open-rpg/addons/dialogic/Modules/Character/DefaultAnimations/zoom_center_in_out.gd		DialogicAnimation	36		animate,_get_named_variations
third_party/godot-open-rpg/addons/dialogic/Modules/Character/DefaultAnimations/zoom_in_out.gd		DialogicAnimation	35		animate,_get_named_variations
third_party/godot-open-rpg/addons/dialogic/Modules/Character/DialogicPortraitAnimationsUtil.gd	DialogicPortraitAnimationUtil		47		guess_animation,get_portrait_animations_filtered,get_suggestions
third_party/godot-open-rpg/addons/dialogic/Modules/Character/class_dialogic_animation.gd	DialogicAnimation	Node	103	finished_once,finished	_ready,animate,finished_one_loop,pause,resume,_get_named_variations,get_modulation_property,get_node_size,get_node_origin,get_viewport_size
third_party/godot-open-rpg/addons/dialogic/Modules/Character/default_portrait.gd		DialogicPortrait	15		_update_portrait
third_party/godot-open-rpg/addons/dialogic/Modules/Character/dialogic_portrait.gd	DialogicPortrait	Node	136		_should_do_portrait_update,_update_portrait,_get_covered_rect,_set_mirror,_set_extra_data,_get_state,_load_state,_highlight,_unhighlight,apply_character_and_portrait,apply_texture
third_party/godot-open-rpg/addons/dialogic/Modules/Character/event_character.gd	DialogicCharacterEvent	DialogicEvent	602		_execute,_init,_get_icon,to_text,from_text,get_shortcode_parameters,is_valid_event,build_event_editor,should_show_transform_options,should_show_animation_options,should_show_fade_options,should_show_portrait_selector,has_no_portraits,get_character_suggestions,get_portrait_suggestions,get_position_suggestions,get_animation_suggestions,get_fade_suggestions,_get_code_completion,suggest_parameter,_get_start_code_completion,_get_syntax_highlighting,list_to_suggestions
third_party/godot-open-rpg/addons/dialogic/Modules/Character/index.gd		DialogicIndexer	58		_get_events,_get_subsystems,_get_settings_pages,_get_text_effects,_get_special_resources,_get_portrait_scene_presets
third_party/godot-open-rpg/addons/dialogic/Modules/Character/node_portrait_container.gd	DialogicNode_PortraitContainer	Control	263		_ready,update_portrait_transforms,get_local_portrait_transform,_get_origin_position,is_container,_draw,_update_debug_portrait_scene,_update_debug_portrait_transform,_update_debug_origin,_get_debug_character
third_party/godot-open-rpg/addons/dialogic/Modules/Character/settings_portraits.gd		DialogicSettingsPage	92		_ready,_refresh,save_setting_with_name,save_setting,get_join_animation_suggestions,get_leave_animation_suggestions,get_crossfade_animation_suggestions
third_party/godot-open-rpg/addons/dialogic/Modules/Character/subsystem_containers.gd		DialogicSubsystem	292	position_changed	get_container,get_containers,get_container_container,add_container,move_container,copy_container_setup,translate_container,rotate_container,resize_container,save_position_container,load_position_container,str_to_vector,vector_to_str,reset_all_containers,reset_container
third_party/godot-open-rpg/addons/dialogic/Modules/Character/subsystem_portraits.gd		DialogicSubsystem	752	character_joined,character_left,character_portrait_changed,character_moved	_clear_state,_load_state,_pack_extra_state,_pause,_resume,_ready,_create_character_node,_change_portrait,_change_portrait_mirror,_change_portrait_extradata,_update_character_transform,_update_portrait_transform,_animate_node,_move_character,_change_portrait_z_index,get_character_portrait,z_sort_portrait_containers,_remove_portrait,_get_join_default_length,_get_leave_default_length,get_valid_portrait,join_character,add_character,change_character_portrait,change_character_mirror,change_character_z_index,change_character_extradata,animate_character,move_character,leave_character,leave_all_characters,get_character_node,remove_character,is_character_joined,get_joined_characters,get_character_info,change_speaker,text_effect_portrait,text_effect_extradata
third_party/godot-open-rpg/addons/dialogic/Modules/Choice/event_choice.gd	DialogicChoiceEvent	DialogicEvent	238		_execute,_is_branch_starter,_init,_get_end_branch_control,to_text,from_text,get_shortcode_parameters,is_valid_event,_get_translatable_properties,_get_property_original_translation,build_event_editor,allow_alt_text,_get_code_completion,_get_syntax_highlighting
third_party/godot-open-rpg/addons/dialogic/Modules/Choice/index.gd		DialogicIndexer	14		_get_events,_get_subsystems,_get_settings_pages
third_party/godot-open-rpg/addons/dialogic/Modules/Choice/node_button_sound.gd	DialogicNode_ButtonSound	AudioStreamPlayer	52		_ready,play_sound,_connect_all_buttons,_on_pressed,_on_hover,_on_focus
third_party/godot-open-rpg/addons/dialogic/Modules/Choice/node_choice_button.gd	DialogicNode_ChoiceButton	Button	120	choice_selected	_ready,_pressed,_load_info,set_choice_text,_on_choice_button_focus_entred
third_party/godot-open-rpg/addons/dialogic/Modules/Choice/settings_choices.gd		DialogicSettingsPage	67		_refresh,_on_Autofocus_toggled,_on_FalseBehaviour_item_selected,_on_HotkeyType_item_selected,_on_Delay_value_changed,_on_reveal_delay_value_changed,_on_appear_mode_item_selected
third_party/godot-open-rpg/addons/dialogic/Modules/Choice/subsystem_choices.gd		DialogicSubsystem	323	choice_selected,question_shown,invalid_question_reached	_clear_state,_ready,_post_install,hide_all_choices,get_current_question_info,show_current_question,skip_question,focus_choice,select_choice,select_focused_choice,get_choice_button,_on_choice_selected,get_current_choice_indexes,_on_dialogic_action,is_question
third_party/godot-open-rpg/addons/dialogic/Modules/Choice/ui_choice_end.gd		HBoxContainer	28		refresh,_on_add_choice_pressed
third_party/godot-open-rpg/addons/dialogic/Modules/Clear/event_clear.gd	DialogicClearEvent	DialogicEvent	121		_execute,_init,get_shortcode,get_shortcode_parameters,build_event_editor
third_party/godot-open-rpg/addons/dialogic/Modules/Clear/index.gd		DialogicIndexer	6		_get_events
third_party/godot-open-rpg/addons/dialogic/Modules/Comment/event_comment.gd	DialogicCommentEvent	DialogicEvent	73		_execute,_init,to_text,from_text,is_valid_event,build_event_editor,_get_syntax_highlighting
third_party/godot-open-rpg/addons/dialogic/Modules/Comment/index.gd		DialogicIndexer	6		_get_events
third_party/godot-open-rpg/addons/dialogic/Modules/Condition/event_condition.gd	DialogicConditionEvent	DialogicEvent	155		_execute,_is_branch_starter,_init,_get_end_branch_control,to_text,from_text,is_valid_event,get_shortcode_parameters,build_event_editor,_get_code_completion,_get_start_code_completion,_get_syntax_highlighting
third_party/godot-open-rpg/addons/dialogic/Modules/Condition/index.gd		DialogicIndexer	6		_get_events
third_party/godot-open-rpg/addons/dialogic/Modules/Condition/ui_condition_end.gd		HBoxContainer	53		_ready,refresh,add_elif,add_else
third_party/godot-open-rpg/addons/dialogic/Modules/Core/event_end_branch.gd	DialogicEndBranchEvent	DialogicEvent	81		_execute,find_next_index,get_opening_index,_init,to_text,from_text,is_valid_event
third_party/godot-open-rpg/addons/dialogic/Modules/Core/index.gd		DialogicIndexer	27		_get_events,_get_subsystems,_get_text_effects,_get_text_modifiers
third_party/godot-open-rpg/addons/dialogic/Modules/Core/subsystem_animation.gd		DialogicSubsystem	42	finished,animation_interrupted	_clear_state,is_animating,start_animating,animation_finished,stop_animation
third_party/godot-open-rpg/addons/dialogic/Modules/Core/subsystem_expression.gd		DialogicSubsystem	101		execute_string,execute_condition,modifier_condition,d_range,d_len,d_regex
third_party/godot-open-rpg/addons/dialogic/Modules/Core/subsystem_input.gd		DialogicSubsystem	257	dialogic_action_priority,dialogic_action,autoskip_timer_finished	_clear_state,_pause,_resume,_post_install,handle_input,_unhandled_input,_input,is_input_released,handle_node_gui_input,is_input_blocked,block_input,_ready,stop_timers,start_autoskip_timer,_on_autoskip_toggled,_process,effect_input,effect_noskip,effect_autoadvance
third_party/godot-open-rpg/addons/dialogic/Modules/DefaultLayoutParts/Base_Default/default_layout_base.gd		DialogicLayoutBase	19		_apply_export_overrides
third_party/godot-open-rpg/addons/dialogic/Modules/DefaultLayoutParts/Base_TextBubble/text_bubble_base.gd		DialogicLayoutBase	95		_ready,register_character,_get_persistent_info,_load_persistent_info,add_bubble,_on_dialogic_text_event
third_party/godot-open-rpg/addons/dialogic/Modules/DefaultLayoutParts/Layer_FullBackground/full_background_layer.gd		DialogicLayoutLayer	24		
third_party/godot-open-rpg/addons/dialogic/Modules/DefaultLayoutParts/Layer_Glossary/glossary_popup_layer.gd		DialogicLayoutLayer	177		get_pointer,get_title,get_text,get_extra,get_panel,get_panel_point,_ready,_on_dialogic_display_dialog_text_meta_hover_started,_process,_on_dialogic_display_dialog_text_meta_hover_ended,_apply_export_overrides
third_party/godot-open-rpg/addons/dialogic/Modules/DefaultLayoutParts/Layer_History/example_history_item.gd		Container	30		get_text_box,get_name_label,get_icon,load_info
third_party/godot-open-rpg/addons/dialogic/Modules/DefaultLayoutParts/Layer_History/history_layer.gd		DialogicLayoutLayer	151		get_show_history_button,get_hide_history_button,get_history_box,get_history_log,_ready,_apply_export_overrides,_process,_on_show_history_pressed,show_history,_on_hide_history_pressed
third_party/godot-open-rpg/addons/dialogic/Modules/DefaultLayoutParts/Layer_Input/full_advance_input_layer.gd		DialogicLayoutLayer	4		
third_party/godot-open-rpg/addons/dialogic/Modules/DefaultLayoutParts/Layer_SpeakerPortraitTextbox/speaker_portrait_textbox_layer.gd		DialogicLayoutLayer	129		_apply_export_overrides
third_party/godot-open-rpg/addons/dialogic/Modules/DefaultLayoutParts/Layer_TextInput/text_input_layer.gd		DialogicLayoutLayer	14		_apply_export_overrides
third_party/godot-open-rpg/addons/dialogic/Modules/DefaultLayoutParts/Layer_Textbubble/text_bubble.gd		Control	246		_ready,reset,_process,open,close,_on_dialog_text_started_revealing_text,_resize_bubble,_on_question_shown,get_base_content_size,add_choice_container,get_speaker_canvas_position,change_mouse_filter
third_party/godot-open-rpg/addons/dialogic/Modules/DefaultLayoutParts/Layer_Textbubble/text_bubble_layer.gd		DialogicLayoutLayer	191		add_bubble,_apply_export_overrides,bubble_apply_overrides
third_party/godot-open-rpg/addons/dialogic/Modules/DefaultLayoutParts/Layer_VN_Choices/vn_choice_layer.gd		DialogicLayoutLayer	143		get_choices,get_button_sound,_apply_export_overrides
third_party/godot-open-rpg/addons/dialogic/Modules/DefaultLayoutParts/Layer_VN_Portraits/vn_portrait_layer.gd		DialogicLayoutLayer	14		_apply_export_overrides
third_party/godot-open-rpg/addons/dialogic/Modules/DefaultLayoutParts/Layer_VN_Textbox/animations.gd		AnimationPlayer	93		get_text_panel,get_dialog,_ready,_on_textbox_show,_on_textbox_hide,_on_about_to_show_text,_on_textbox_new_text,_on_animation_interrupted
third_party/godot-open-rpg/addons/dialogic/Modules/DefaultLayoutParts/Layer_VN_Textbox/autoadvance_indicator.gd		Range	13		_process
third_party/godot-open-rpg/addons/dialogic/Modules/DefaultLayoutParts/Layer_VN_Textbox/vn_textbox_layer.gd		DialogicLayoutLayer	280		_apply_export_overrides,_apply_box_settings,_apply_box_animations_settings,_apply_name_label_settings,_apply_text_settings,_apply_indicator_settings,_apply_sounds_settings
third_party/godot-open-rpg/addons/dialogic/Modules/DefaultLayoutParts/index.gd		DialogicIndexer	6		_get_layout_parts
third_party/godot-open-rpg/addons/dialogic/Modules/End/event_end.gd	DialogicEndTimelineEvent	DialogicEvent	45		_execute,_init,get_shortcode,build_event_editor
third_party/godot-open-rpg/addons/dialogic/Modules/End/index.gd		DialogicIndexer	6		_get_events
third_party/godot-open-rpg/addons/dialogic/Modules/Glossary/event_glossary.gd	DialogicGlossaryEvent	DialogicEvent	48		_execute,_init,get_shortcode,get_shortcode_parameters,build_event_editor
third_party/godot-open-rpg/addons/dialogic/Modules/Glossary/glossary_editor.gd		DialogicEditor	483		_get_title,_get_icon,_register,_ready,set_setting,_open,_on_GlossaryList_item_selected,_on_add_glossary_file_pressed,create_new_glossary_file,_on_load_glossary_file_pressed,load_glossary_files,load_glossary_file,_on_delete_glossary_file_pressed,_on_EntryList_item_selected,_on_add_glossary_entry_pressed,_on_delete_glossary_entry_pressed,_on_entry_search_text_changed,hide_entry_editor,_update_alias_entries,_check_entry_name,_on_entry_name_text_changed,_on_entry_case_sensitive_toggled,_can_change_alternative,_check_entry_alternatives,_on_entry_alternatives_text_changed,_on_entry_title_text_changed,_on_entry_text_text_changed,_on_entry_extra_text_changed,_on_entry_enabled_toggled,_on_entry_custom_color_toggled,_on_entry_color_color_changed
third_party/godot-open-rpg/addons/dialogic/Modules/Glossary/glossary_resource.gd	DialogicGlossary	Resource	340		remove_entry,_remove_entry_alias,replace_entry_key,get_entry,_add_entry_key_alias,try_add_entry,_get_word_options,get_set_regex_option,add_translation_id,remove_translation_id,remove_entry_translation_ids,clear_translation_keys,get_property_translation_key,_get_glossary_translation_id_prefix,_get_glossary_translation_key,get_set_glossary_entry_translation_id,get_set_glossary_translation_id
third_party/godot-open-rpg/addons/dialogic/Modules/Glossary/index.gd		DialogicIndexer	14		_get_events,_get_editors,_get_subsystems
third_party/godot-open-rpg/addons/dialogic/Modules/Glossary/subsystem_glossary.gd		DialogicSubsystem	174		_clear_state,parse_glossary,add_glossary,find_glossary,get_entry,translate
third_party/godot-open-rpg/addons/dialogic/Modules/HighlightPortrait/index.gd		DialogicIndexer	17		_get_portrait_scene_presets
third_party/godot-open-rpg/addons/dialogic/Modules/HighlightPortrait/simple_highlight_portrait.gd		DialogicPortrait	46		_update_portrait,_ready,_should_do_portrait_update,_highlight,_unhighlight
third_party/godot-open-rpg/addons/dialogic/Modules/History/event_history.gd	DialogicHistoryEvent	DialogicEvent	82		_execute,_init,get_shortcode,get_shortcode_parameters,build_event_editor
third_party/godot-open-rpg/addons/dialogic/Modules/History/index.gd		DialogicIndexer	13		_get_events,_get_subsystems,_get_settings_pages
third_party/godot-open-rpg/addons/dialogic/Modules/History/settings_history.gd		DialogicSettingsPage	29		_get_priority,_ready,_refresh,setting_toggled
third_party/godot-open-rpg/addons/dialogic/Modules/History/subsystem_history.gd		DialogicSubsystem	276	open_requested,close_requested,simple_history_changed,full_event_history_changed,visited_event,unvisited_event	_update_saved_connection,_ready,_on_save,_post_install,_clear_state,_load_state,open_history,close_history,store_simple_history_entry,get_simple_history,store_full_event,_current_event_key,_get_event_key,mark_event_as_visited,_check_seen,has_last_event_been_visited,has_event_been_visited,save_visited_history,load_visited_history,get_saved_visited_history,reset_visited_history
third_party/godot-open-rpg/addons/dialogic/Modules/Jump/event_jump.gd	DialogicJumpEvent	DialogicEvent	178		_execute,_init,_get_icon,to_text,from_text,is_valid_event,get_shortcode_parameters,build_event_editor,get_timeline_suggestions,get_label_suggestions,_get_code_completion,_get_start_code_completion,_get_syntax_highlighting
third_party/godot-open-rpg/addons/dialogic/Modules/Jump/event_label.gd	DialogicLabelEvent	DialogicEvent	125		_execute,_init,_get_icon,to_text,from_text,is_valid_event,get_shortcode_parameters,_get_translatable_properties,_get_property_original_translation,build_event_editor,_get_start_code_completion,_get_syntax_highlighting
third_party/godot-open-rpg/addons/dialogic/Modules/Jump/event_return.gd	DialogicReturnEvent	DialogicEvent	83		_execute,_init,_get_icon,to_text,from_text,is_valid_event,build_event_editor,_get_start_code_completion,_get_syntax_highlighting
third_party/godot-open-rpg/addons/dialogic/Modules/Jump/index.gd		DialogicIndexer	9		_get_events,_get_subsystems
third_party/godot-open-rpg/addons/dialogic/Modules/Jump/subsystem_jump.gd		DialogicSubsystem	123	switched_timeline,jumped_to_label,returned_from_jump,passed_label	_clear_state,_load_state,jump_to_label,push_to_jump_stack,resume_from_last_jump,is_jump_stack_empty,_ready,_on_passed_label,get_last_label_identifier,get_last_label_name
third_party/godot-open-rpg/addons/dialogic/Modules/LayeredPortrait/custom_layered_portrait.gd		res://addons/dialogic/Modules/LayeredPortrait/layered_portrait.gd	3		
third_party/godot-open-rpg/addons/dialogic/Modules/LayeredPortrait/index.gd		DialogicIndexer	17		_get_portrait_scene_presets
third_party/godot-open-rpg/addons/dialogic/Modules/LayeredPortrait/layered_portrait.gd		DialogicPortrait	264		_update_portrait,_apply_layer_adjustments,_reposition_with_rect,_find_sprites_recursively,_execute,_parse_layer_command,_parse_input_to_layer_commands,_set_extra_data,_set_mirror,_find_largest_coverage_rect,_get_covered_rect,_get_state,_load_state
third_party/godot-open-rpg/addons/dialogic/Modules/Save/event_save.gd	DialogicSaveEvent	DialogicEvent	70		_execute,_init,_get_icon,get_shortcode,get_shortcode_parameters,build_event_editor
third_party/godot-open-rpg/addons/dialogic/Modules/Save/index.gd		DialogicIndexer	14		_get_events,_get_subsystems,_get_settings_pages
third_party/godot-open-rpg/addons/dialogic/Modules/Save/settings_save.gd		DialogicSettingsPage	57		_get_priority,_refresh,_on_autosave_toggled,_on_autosave_mode_item_selected,_on_autosave_delay_value_changed,_on_default_save_slot_name_text_changed,_on_encryption_password_text_changed,_on_encryption_on_exports_toggled
third_party/godot-open-rpg/addons/dialogic/Modules/Save/subsystem_save.gd		DialogicSubsystem	535	saved	_clear_state,_pause,_resume,save,load,save_file,load_file,set_global_info,get_global_info,get_encryption_password,get_slot_names,has_slot,delete_slot,add_empty_slot,reset_slot,get_slot_path,get_default_slot,get_latest_slot,set_latest_slot,_make_sure_slot_dir_exists,set_slot_info,get_slot_info,take_thumbnail,save_slot_thumbnail,get_slot_thumbnail,_ready,_on_autosave_timer_timeout,_on_dialogic_event_handled,_on_start_or_end_autosave,perform_autosave
third_party/godot-open-rpg/addons/dialogic/Modules/Settings/event_setting.gd	DialogicSettingEvent	DialogicEvent	254		_execute,_init,_get_icon,to_text,from_text,is_valid_event,build_event_editor,get_settings_suggestions,get_value_suggestions,_get_code_completion,_get_start_code_completion,_get_syntax_highlighting
third_party/godot-open-rpg/addons/dialogic/Modules/Settings/index.gd		DialogicIndexer	10		_get_events,_get_subsystems
third_party/godot-open-rpg/addons/dialogic/Modules/Settings/subsystem_settings.gd		DialogicSubsystem	98		_clear_state,_reload_settings,_set,_get,_setting_changed,get_setting,has_setting,reset_all,reset_setting,connect_to_change
third_party/godot-open-rpg/addons/dialogic/Modules/Signal/event_signal.gd	DialogicSignalEvent	DialogicEvent	90		_execute,_init,get_shortcode,get_shortcode_parameters,build_event_editor
third_party/godot-open-rpg/addons/dialogic/Modules/Signal/index.gd		DialogicIndexer	7		_get_events
third_party/godot-open-rpg/addons/dialogic/Modules/Style/DialogicStylesUtil.gd	DialogicStylesUtil	Node	79		update_style_directory,build_style_directory,get_default_style_path,get_default_layout_base,get_fallback_style_path,get_fallback_style,get_style_path,start_style_preload,get_style
third_party/godot-open-rpg/addons/dialogic/Modules/Style/character_settings_style.gd		DialogicCharacterEditorMainSection	34		_init,_get_title,_ready,_load_character,_save_changes,get_style_suggestions
third_party/godot-open-rpg/addons/dialogic/Modules/Style/event_style.gd	DialogicStyleEvent	DialogicEvent	76		_execute,_init,get_shortcode,get_shortcode_parameters,build_event_editor,get_style_suggestions
third_party/godot-open-rpg/addons/dialogic/Modules/Style/index.gd		DialogicIndexer	14		_get_events,_get_subsystems,_get_character_editor_sections
third_party/godot-open-rpg/addons/dialogic/Modules/Style/node_style.gd	DialogicNode_StyleLayer	Control	13		_ready
third_party/godot-open-rpg/addons/dialogic/Modules/Style/subsystem_styles.gd		DialogicSubsystem	194	style_changed	_ready,_clear_state,_load_state,_pack_extra_state,change_style,load_style,create_layout,reload_current_info_into_new_style,get_current_style,has_active_layout_node,get_layout_node,get_first_node_in_layout,preload_style
third_party/godot-open-rpg/addons/dialogic/Modules/StyleEditor/Components/style_browser.gd		Control	113	activate_part	_ready,collect_style_parts,is_premade_style_part,load_parts,_on_style_item_clicked,load_part_info,_on_activate_button_pressed,_on_search_text_changed,_on_close_button_pressed
third_party/godot-open-rpg/addons/dialogic/Modules/StyleEditor/Components/style_browser_window.gd		Window	22	part_selected	_on_close_requested,get_picked_info,_on_style_browser_activate_part
third_party/godot-open-rpg/addons/dialogic/Modules/StyleEditor/Components/style_layer_tree.gd		Tree	53	layer_moved	_get_drag_data,_can_drop_data,_drop_data
third_party/godot-open-rpg/addons/dialogic/Modules/StyleEditor/index.gd		DialogicIndexer	5		_get_editors
third_party/godot-open-rpg/addons/dialogic/Modules/StyleEditor/style_editor.gd		DialogicEditor	404		_get_title,_get_icon,_register,_open,_close,_ready,collect_styles,save_style_list,save_style,add_style,delete_style,delete_style_by_name,realize_style,setup_ui,load_style_list,_on_stylelist_selected,select_style,load_style,_on_AddStyleMenu_about_to_popup,_on_AddStyleMenu_selected,add_style_undoable,_on_duplicate_button_pressed,_on_remove_button_pressed,_on_edit_name_button_pressed,_on_layout_style_name_text_submitted,_on_layout_style_name_focus_exited,_on_make_default_button_pressed,_on_test_style_button_pressed,_on_inheritance_index_pressed,_on_start_styling_button_pressed,_on_stylelist_drag,_on_stylelist_can_drop,_on_style_list_drop,_get_new_name
third_party/godot-open-rpg/addons/dialogic/Modules/StyleEditor/style_layer_editor.gd		HSplitContainer	530		_ready,load_style,load_style_layer_list,select_layer,setup_layer_tree_item,_on_layer_selected,load_layer,add_layer,delete_layer,move_layer,replace_layer,_on_add_layer_menu_pressed,_on_replace_layer_menu_pressed,_on_add_custom_layer_file_selected,_on_replace_custom_layer_file_selected,_on_make_custom_button_about_to_popup,_on_make_custom_menu_pressed,_on_make_custom_layer_file_selected,_on_make_custom_layout_file_selected,make_layer_custom,make_layout_custom,_on_delete_layer_button_pressed,load_layout_scene_customization,collect_settings,set_export_override,_on_export_override_reset,_on_expand_layer_info_pressed,_on_layer_tree_layer_moved,_on_layer_tree_button_clicked,clean_scene_name
third_party/godot-open-rpg/addons/dialogic/Modules/Text/auto_advance.gd	DialogicAutoAdvance	RefCounted	232	autoadvance,toggled	_init,start,_calculate_autoadvance_delay,_calculate_per_word_delay,_calculate_per_character_delay,_on_autoadvance_timer_timeout,_on_toggled,is_advancing,get_time_left,get_time,is_enabled,_try_emit_toggled,_update_autoadvance_delay_modifier,get_progress
third_party/godot-open-rpg/addons/dialogic/Modules/Text/auto_skip.gd	DialogicAutoSkip	RefCounted	70	toggled	_init,_set_enabled,_handle_seen_event,_handle_unseen_event
third_party/godot-open-rpg/addons/dialogic/Modules/Text/character_settings/character_moods_settings.gd		DialogicCharacterEditorMainSection	236		_init,_get_title,_load_character,_save_changes,get_portrait_data,set_portrait_data,_ready,update_mood_list,_input,_on_mood_list_item_selected,load_mood_info,get_mood_info,_on_add_pressed,_on_duplicate_pressed,_on_delete_pressed,_on_name_text_changed,_on_name_text_submitted,_on_name_focus_exited,_on_default_toggled,set_default_button,preview
third_party/godot-open-rpg/addons/dialogic/Modules/Text/character_settings/character_portrait_mood_settings.gd		DialogicCharacterEditorPortraitSection	37		_get_title,_ready,_load_portrait_data,update_visibility,_on_portrait_mood_value_changed,mood_suggestions
third_party/godot-open-rpg/addons/dialogic/Modules/Text/event_text.gd	DialogicTextEvent	DialogicEvent	566	advance	_clear_state,_execute,_mark_as_read,_connect_signals,_disconnect_signals,_try_play_current_line_voice,_on_dialogic_input_action,_on_dialogic_input_autoadvance,_on_auto_skip_enable,_init,to_text,from_text,get_or_create_character,is_valid_event,is_string_full_event,get_shortcode_parameters,_get_translatable_properties,_get_property_original_translation,_enter_visual_editor,build_event_editor,should_show_portrait_selector,do_any_characters_exist,get_character_suggestions,get_portrait_suggestions,_get_code_completion,_get_start_code_completion,suggest_bbcode,load_text_effects,_get_syntax_highlighting
third_party/godot-open-rpg/addons/dialogic/Modules/Text/index.gd		DialogicIndexer	38		_get_events,_get_subsystems,_get_settings_pages,_get_character_editor_sections,_get_text_effects,_get_text_modifiers
third_party/godot-open-rpg/addons/dialogic/Modules/Text/manual_advance.gd	DialogicManualAdvance	RefCounted	50		_init,is_enabled
third_party/godot-open-rpg/addons/dialogic/Modules/Text/node_dialog_text.gd	DialogicNode_DialogText	RichTextLabel	183	started_revealing_text,continued_revealing_text,finished_revealing_text	_ready,reveal_text,set_speed,continue_reveal,finish_text,_process,_on_meta_hover_started,_on_meta_hover_ended,_on_meta_clicked,on_gui_input,custom_fx_update,custom_fx_reset,custom_fx_skip
third_party/godot-open-rpg/addons/dialogic/Modules/Text/node_input.gd	DialogicNode_Input	Control	21		_ready,_input,_on_gui_input
third_party/godot-open-rpg/addons/dialogic/Modules/Text/node_name_label.gd	DialogicNode_NameLabel	Label	25		_ready,_set
third_party/godot-open-rpg/addons/dialogic/Modules/Text/node_next_indicator.gd	DialogicNode_NextIndicator	Control	102		_ready,_on_gui_input,_on_visibility_changed,play_animation
third_party/godot-open-rpg/addons/dialogic/Modules/Text/node_type_sound.gd	DialogicNode_TypeSounds	AudioStreamPlayer	138		_ready,_on_started_revealing_text,_on_continued_revealing_text,_on_finished_revealing_text,load_overwrite,load_sounds_from_path,_get_configuration_warnings
third_party/godot-open-rpg/addons/dialogic/Modules/Text/settings_text.gd		DialogicSettingsPage	249		_get_priority,_get_title,_ready,_refresh,_about_to_close,_on_bool_set,_on_float_set,_on_string_set,_on_InputAction_value_changed,suggest_actions,_on_new_event_option_item_selected,_on_additional_delay_mode_item_selected,_on_additional_delay_value_changed,_on_IgnoredCharacters_text_changed,load_autopauses,save_autopauses,_on_add_autopauses_set_pressed,add_autopause_set,_on_remove_autopauses_set_pressed
third_party/godot-open-rpg/addons/dialogic/Modules/Text/subsystem_text.gd		DialogicSubsystem	751	about_to_show_text,text_started,text_finished,speaker_updated,textbox_visibility_changed,animation_textbox_show,animation_textbox_hide,animation_textbox_new_text,meta_hover_started,meta_hover_ended,meta_clicked	_ready,_post_install,_clear_state,_load_state,_pack_extra_state,parse_text,load_parse_stack,get_textboxes,textbox_update_visibility,textbox_handle_auto_visibility,textbox_reset_visibility,show_textbox,hide_textbox,is_textbox_visible,update_dialog_text,_on_dialog_text_finished,update_name_label,get_character_name_parsed,get_current_speaker,show_next_indicators,hide_next_indicators,update_typing_sound_mood,update_typing_sound_mood_from_character,update_text_speed,_update_user_speed,set_text_voice_synced,is_text_voice_synced,skip_text_reveal,set_text_reveal_skippable,is_text_reveal_skippable,collect_text_effects,parse_text_effects,execute_effects,collect_text_modifiers,color_character_names,collect_character_names,sort_by_length,connect_meta_signals,emit_meta_signal,effect_pause,effect_speed,effect_lspeed,effect_signal,effect_mood,modifier_random_selection,modifier_break,modifier_autopauses
third_party/godot-open-rpg/addons/dialogic/Modules/TextInput/event_text_input.gd	DialogicTextInputEvent	DialogicEvent	122		_execute,_on_DialogicTextInput_input_confirmed,_init,get_shortcode,get_shortcode_parameters,_get_translatable_properties,_get_property_original_translation,build_event_editor,get_var_suggestions
third_party/godot-open-rpg/addons/dialogic/Modules/TextInput/index.gd		DialogicIndexer	11		_get_events,_get_subsystems
third_party/godot-open-rpg/addons/dialogic/Modules/TextInput/node_text_input.gd	DialogicNode_TextInput	Control	58		_ready,set_text,set_placeholder,set_default,set_allow_empty,_on_input_text_changed,_on_confirmation_button_pressed
third_party/godot-open-rpg/addons/dialogic/Modules/TextInput/subsystem_text_input.gd		DialogicSubsystem	38	input_confirmed,input_shown	_clear_state,show_text_input,hide_text_input
third_party/godot-open-rpg/addons/dialogic/Modules/Variable/event_variable.gd	DialogicVariableEvent	DialogicEvent	416		_execute,_init,to_text,from_text,is_valid_event,get_shortcode_parameters,build_event_editor,get_var_suggestions,get_value_suggestions,_on_variable_editor_pressed,update_editor_warning,_get_code_completion,_get_start_code_completion,_get_syntax_highlighting
third_party/godot-open-rpg/addons/dialogic/Modules/Variable/index.gd		DialogicIndexer	12		_get_events,_get_editors,_get_subsystems
third_party/godot-open-rpg/addons/dialogic/Modules/Variable/subsystem_variables.gd		DialogicSubsystem	278	variable_changed,variable_was_set	_clear_state,_load_state,parse_variables,set_variable,get_variable,reset,has,_set,_get,folders,variables,get_autoloads,merge_folder,_init,_get,_set,has,folders,variables
third_party/godot-open-rpg/addons/dialogic/Modules/Variable/variables_editor/variable_tree.gd		Tree	548		_ready,load_info,add_variable_item,add_folder_item,set_variable_item_type,get_variable_item_default,_on_button_clicked,_on_type_pressed,_on_item_edited,item_add_undoable,add_item,item_remove_undoable,remove_item,item_rename_undoable,item_rename,item_change_value_undoable,item_change_value,validate_name,set_variable_value,_input,filter,get_info,_get_drag_data,_can_drop_data,_drop_data,report_name_changes,get_item_path,get_path_item,_on_gui_input,_on_right_click_menu_id_pressed
third_party/godot-open-rpg/addons/dialogic/Modules/Variable/variables_editor/variables_editor.gd		DialogicEditor	70		_get_title,_get_icon,_register,_open,_save,_close,_ready,variable_renamed,_on_reference_manager_pressed,_on_search_text_changed,_on_documentation_pressed
third_party/godot-open-rpg/addons/dialogic/Modules/Voice/event_voice.gd	DialogicVoiceEvent	DialogicEvent	88		_execute,_init,get_shortcode,get_shortcode_parameters,build_event_editor
third_party/godot-open-rpg/addons/dialogic/Modules/Voice/index.gd		DialogicIndexer	10		_get_events,_get_subsystems
third_party/godot-open-rpg/addons/dialogic/Modules/Voice/subsystem_voice.gd		DialogicSubsystem	137	voiceline_started,voiceline_finished,voiceline_stopped	_pause,_resume,_ready,is_voiced,play_voice,set_file,set_volume,set_bus,stop_audio,_on_voice_finished,get_remaining_time,is_running
third_party/godot-open-rpg/addons/dialogic/Modules/Wait/event_wait.gd	DialogicWaitEvent	DialogicEvent	74		_execute,_init,get_shortcode,get_shortcode_parameters,build_event_editor
third_party/godot-open-rpg/addons/dialogic/Modules/Wait/index.gd		DialogicIndexer	10		_get_events,_get_subsystems
third_party/godot-open-rpg/addons/dialogic/Modules/Wait/subsystem_wait.gd		DialogicSubsystem	62	timeout	clear_game_state,pause,resume,_ready,update_wait
third_party/godot-open-rpg/addons/dialogic/Modules/WaitInput/event_wait_input.gd	DialogicWaitInputEvent	DialogicEvent	55		_execute,_init,get_shortcode,get_shortcode_parameters,build_event_editor
third_party/godot-open-rpg/addons/dialogic/Modules/WaitInput/index.gd		DialogicIndexer	6		_get_events
third_party/godot-open-rpg/addons/dialogic/Resources/CharacterResourceLoader.gd	DialogicCharacterFormatLoader	ResourceFormatLoader	74		_get_recognized_extensions,_get_resource_type,_get_resource_script_class,_handles_type,_load,_get_dependencies,_rename_dependencies
third_party/godot-open-rpg/addons/dialogic/Resources/CharacterResourceSaver.gd	DialogicCharacterFormatSaver	ResourceFormatSaver	34		_get_recognized_extensions,_recognize,_save
third_party/godot-open-rpg/addons/dialogic/Resources/TimelineResourceLoader.gd	DialogicTimelineFormatLoader	ResourceFormatLoader	67		_get_recognized_extensions,_get_resource_type,_get_resource_script_class,_handles_type,_load,_get_dependencies
third_party/godot-open-rpg/addons/dialogic/Resources/TimelineResourceSaver.gd	DialogicTimelineFormatSaver	ResourceFormatSaver	33		_get_recognized_extensions,_recognize,_save
third_party/godot-open-rpg/addons/dialogic/Resources/character.gd	DialogicCharacter	res://addons/dialogic/Resources/dialogic_identifiable_resource.gd	157		_get_extension,_get_resource_name,add_translation_id,get_set_translation_id,remove_translation_id,get_property_translation_key,_get_property_original_text,_get_property_translated,get_nicknames_translated,get_display_name_translated,get_character_name,get_portrait_info,add_portrait
third_party/godot-open-rpg/addons/dialogic/Resources/dialogic_identifiable_resource.gd		Resource	36		_get_extension,_get_resource_name,_to_string,get_identifier,set_identifier
third_party/godot-open-rpg/addons/dialogic/Resources/dialogic_layout_base.gd	DialogicLayoutBase	Node	80		add_layer,get_layer,get_layers,apply_export_overrides,get_global_setting,_apply_export_overrides,_init,_exit_tree,_get_persistent_info,_load_persistent_info
third_party/godot-open-rpg/addons/dialogic/Resources/dialogic_layout_layer.gd	DialogicLayoutLayer	Node	48		_ready,_apply_export_overrides,apply_export_overrides,get_global_setting
third_party/godot-open-rpg/addons/dialogic/Resources/dialogic_style.gd	DialogicStyle	Resource	300		_init,clear,get_layer_count,get_layer_index,has_layer,has_layer_index,get_layer_id_at_index,get_layer_info,get_new_layer_id,add_layer,delete_layer,move_layer,set_layer_scene,set_layer_overrides,set_layer_setting,remove_layer_setting,inherits_anything,get_inheritance_root,merge_layer_infos,get_layer_inherited_info,get_layer_inherited_list,realize_inheritance,clone,prepare,update_from_pre_alpha16
third_party/godot-open-rpg/addons/dialogic/Resources/dialogic_style_layer.gd	DialogicStyleLayer	Resource	21		_init,_to_string
third_party/godot-open-rpg/addons/dialogic/Resources/event.gd	DialogicEvent	Resource	593	event_started,event_finished,ui_update_needed,ui_update_warning	_to_string,execute,finish,_clear_state,_execute,_get_end_branch_control,_is_branch_starter,get_end_branch_index,_get_translatable_properties,_get_property_original_translation,can_be_translated,add_translation_id,remove_translation_id,get_property_translation_key,get_property_translated,_store_as_string,update_text_version,_load_from_string,_load_custom_defaults,_test_event_string,get_dependencies,get_shortcode,get_shortcode_parameters,to_text,from_text,store_to_shortcode_parameters,value_to_string,load_from_shortcode_parameters,is_valid_event,is_string_full_event,parse_shortcode_parameters,_get_icon,set_default_color,_enter_visual_editor,_get_code_completion,_get_start_code_completion,_get_syntax_highlighting,get_event_editor_info,build_event_editor,add_header_label,add_header_edit,add_header_button,add_body_edit,add_body_line_break
third_party/godot-open-rpg/addons/dialogic/Resources/timeline.gd	DialogicTimeline	res://addons/dialogic/Resources/dialogic_identifiable_resource.gd	213		_get_extension,_get_resource_name,get_event,from_text,as_text,get_index_from_text_line,get_text_line_from_index,process,clean,event_from_string
third_party/godot-open-rpg/addons/dialogic/export_plugin.gd		EditorExportPlugin	23		_get_name,_export_file
third_party/godot-open-rpg/addons/dialogic/plugin.gd		EditorPlugin	155		_init,_enable_plugin,_disable_plugin,_enter_tree,_exit_tree,_has_main_screen,_get_plugin_name,_get_plugin_icon,_make_visible,_save_external_data,_get_unsaved_status,_handles,_edit,_editor_view_and_manager_exist,add_dialogic_default_action,_build
third_party/godot-open-rpg/overworld/maps/forest/game_end_trigger.gd		Trigger	36		_execute,_on_area_entered
third_party/godot-open-rpg/overworld/maps/house/wand_pedestal_interaction.gd	WandPedestalInteraction		132		_ready,_execute,_is_puzzle_solved,_on_dialogic_signal_event,_on_inventory_item_changed
third_party/godot-open-rpg/overworld/maps/opening_cutscene.gd		Cutscene	18		_execute
third_party/godot-open-rpg/overworld/maps/town/conversation_encounter.gd		Interaction	37		_execute
third_party/godot-open-rpg/overworld/maps/town/door_unlock_interaction.gd		Interaction	17		_execute
third_party/godot-open-rpg/overworld/maps/town/fan_interaction.gd		InteractionTemplateConversation	46		_ready,_execute,_on_initial_conversation_finished,_on_dialogic_signal_event
third_party/godot-open-rpg/overworld/maps/town/gang_of_four_conversation.gd		InteractionTemplateConversation	7		_on_dialogic_signal_event
third_party/godot-open-rpg/overworld/maps/town/strange_tree_interaction.gd		InteractionTemplateConversation	28		_execute,_on_dialogic_signal_event
third_party/godot-open-rpg/src/combat/actions/battler_action.gd	BattlerAction		119		can_execute,is_target_valid,execute,get_possible_targets,can_target_battler,targets_all
third_party/godot-open-rpg/src/combat/actions/battler_action_attack.gd	AttackBattlerAction		53		execute
third_party/godot-open-rpg/src/combat/actions/battler_action_heal.gd	HealBattlerAction		35		execute
third_party/godot-open-rpg/src/combat/actions/battler_action_modify_stats.gd	StatsBattlerAction		35		execute
third_party/godot-open-rpg/src/combat/actions/battler_action_projectile.gd	RangedBattlerAction		45		execute
third_party/godot-open-rpg/src/combat/actions/battler_hit.gd	BattlerHit		15		_init,is_successful
third_party/godot-open-rpg/src/combat/battlers/battler.gd	Battler		216	action_cached,turn_finished,health_depleted,hit_received,hit_missed,selection_toggled	sort,_ready,act,take_hit,_get_roster,_to_string
third_party/godot-open-rpg/src/combat/battlers/battler_anim.gd	BattlerAnim		139	action_triggered,animation_finished	_ready,_on_animation_player_finished,setup,_on_battler_health_depleted,_on_battler_hit_received,_on_battler_selection_toggled,play,is_playing,queue_animation,move_forward,move_to_rest
third_party/godot-open-rpg/src/combat/battlers/battler_roster.gd	BattlerRoster		75		get_battlers,get_player_battlers,_filter_players,get_enemy_battlers,_filter_enemies,find_live_battlers,find_battlers_needing_actions,_filter_actors,find_ready_to_act_battlers,_filter_actors,are_battlers_defeated,_to_string
third_party/godot-open-rpg/src/combat/battlers/battler_stats.gd	BattlerStats		180	health_depleted,health_changed,energy_changed	_init,initialize,add_modifier,add_multiplier,remove_modifier,remove_multiplier,_recalculate_and_update,_generate_unique_id
third_party/godot-open-rpg/src/combat/combat.gd	Combat		245		_ready,setup,next_round,_select_next_player_action,_play_next_action,_get_next_actor,_on_combat_finished,_display_combat_results_dialog,_get_victory_message_events,_get_loss_message_events
third_party/godot-open-rpg/src/combat/combat_ai_random.gd	CombatAI		46		select_action
third_party/godot-open-rpg/src/combat/combat_arena.gd	CombatArena		11		get_battler_roster
third_party/godot-open-rpg/src/combat/combat_events.gd		Node	17	combat_initiated,combat_finished,player_battler_selected	
third_party/godot-open-rpg/src/combat/elements.gd	Elements		15		
third_party/godot-open-rpg/src/combat/ui/action_menu/ui_action_button.gd	UIActionButton		23		_ready
third_party/godot-open-rpg/src/combat/ui/action_menu/ui_action_description.gd	UIActionDescription		25		_ready
third_party/godot-open-rpg/src/combat/ui/action_menu/ui_action_menu.gd	UIActionMenu		111	action_selected,action_focused	_ready,_unhandled_input,setup,_on_entry_focused,_on_entry_pressed
third_party/godot-open-rpg/src/combat/ui/battler_entry/ui_battler_entry.gd	UIBattlerEntry		29		_on_battler_energy_changed,_on_battler_health_changed,_ready,_on_player_battler_selected
third_party/godot-open-rpg/src/combat/ui/battler_entry/ui_energy_bar.gd	UIBattlerEnergyBar		47		setup
third_party/godot-open-rpg/src/combat/ui/battler_entry/ui_energy_point.gd		MarginContainer	50		appear,disappear,select,deselect
third_party/godot-open-rpg/src/combat/ui/battler_entry/ui_life_bar.gd	UIBattlerLifeBar		62		_ready,_on_value_changed,setup
third_party/godot-open-rpg/src/combat/ui/battler_entry/ui_player_battler_list.gd	UIPlayerBattlerList		38		_ready,_clear
third_party/godot-open-rpg/src/combat/ui/cursors/ui_battler_target_cursor.gd	UIBattlerTargetingCursor		161	targets_selected	_ready,_unhandled_input,_create_cursor_over_battler,_find_closest_target
third_party/godot-open-rpg/src/combat/ui/cursors/ui_menu_cursor.gd	UIMenuCursor		34		_ready,move_to,advance_animation,get_animation_position
third_party/godot-open-rpg/src/combat/ui/effect_labels/ui_damage_label.gd	UIDamageLabel		78		_ready,setup
third_party/godot-open-rpg/src/combat/ui/effect_labels/ui_effect_label_builder.gd	UIEffectLabelBuilder		24		setup
third_party/godot-open-rpg/src/combat/ui/ui_combat.gd	UICombat		109		_ready,setup,choose_action,_on_action_focused,choose_targets
third_party/godot-open-rpg/src/common/collision_finder.gd	CollisionFinder	RefCounted	45		_init,search
third_party/godot-open-rpg/src/common/directions.gd	Directions	RefCounted	30		angle_to_direction,vector_to_direction
third_party/godot-open-rpg/src/common/inventory.gd	Inventory		82	item_changed	_init,restore,add,remove,get_item_count,get_item_icon,save
third_party/godot-open-rpg/src/common/music/music_player.gd	MusicPlayer		51		play,stop,is_playing,get_playing_track
third_party/godot-open-rpg/src/common/player.gd		Node	20	gamepiece_changed,player_path_set	
third_party/godot-open-rpg/src/common/screen_transitions/screen_transition.gd	ScreenTransition		87	finished	_ready,clear,cover,_tween_transition
third_party/godot-open-rpg/src/field/cutscenes/cutscene.gd	Cutscene		59		is_cutscene_in_progress,run,_execute
third_party/godot-open-rpg/src/field/cutscenes/interaction.gd	Interaction		133		_ready,_on_button_pressed,_get_configuration_warnings,_unhandled_input,_update_input_state,_on_input_paused,_on_area_entered,_on_area_exited
third_party/godot-open-rpg/src/field/cutscenes/popups/interaction_popup.gd	InteractionPopup		73		_ready,_on_area_entered,_on_area_exited,_on_input_paused
third_party/godot-open-rpg/src/field/cutscenes/popups/moving_interaction_popup.gd		InteractionPopup	37		_ready,_get_configuration_warnings,_notification,_process
third_party/godot-open-rpg/src/field/cutscenes/templates/area_transitions/area_transition.gd	AreaTransition		78		_ready,_on_area_entered,_on_blackout
third_party/godot-open-rpg/src/field/cutscenes/templates/combat/combat_trigger.gd	CombatTrigger		39		_execute,_run_victory_cutscene,_run_loss_cutscene
third_party/godot-open-rpg/src/field/cutscenes/templates/combat/roaming_combat_trigger.gd		CombatTrigger	12		_run_victory_cutscene,_run_loss_cutscene
third_party/godot-open-rpg/src/field/cutscenes/templates/conversations/conversation_template.gd	InteractionTemplateConversation		21		_execute,_on_dialogic_signal_event
third_party/godot-open-rpg/src/field/cutscenes/templates/doors/door.gd	Door		64		_ready,open,_on_area_entered,_on_blackout
third_party/godot-open-rpg/src/field/cutscenes/templates/doors/door_trigger.gd		Trigger	13		_ready,_on_area_entered
third_party/godot-open-rpg/src/field/cutscenes/templates/pickups/pickup.gd	Pickup		24		_execute
third_party/godot-open-rpg/src/field/cutscenes/templates/treasure_chests/treasure_chest.gd		Gamepiece	15		_ready
third_party/godot-open-rpg/src/field/cutscenes/templates/treasure_chests/treasure_chest_interaction.gd		Interaction	36		_execute
third_party/godot-open-rpg/src/field/cutscenes/trigger.gd	Trigger		107	gamepiece_entered,gamepiece_exited,triggered	_ready,_get_configuration_warnings,_on_input_paused,_on_area_entered,_on_area_exited,_on_gamepiece_arrived
third_party/godot-open-rpg/src/field/field.gd		Node2D	50		_ready,_on_player_gp_changed
third_party/godot-open-rpg/src/field/field_camera.gd	FieldCamera	Camera2D	84		_ready,reset_position,_on_viewport_resized
third_party/godot-open-rpg/src/field/field_events.gd		Node	41	cell_highlighted,cell_selected,interaction_selected,combat_triggered,cutscene_began,cutscene_ended,input_paused	
third_party/godot-open-rpg/src/field/gameboard/debug/debug_map_boundaries.gd	DebugGameboardBoundaries		48		_ready,_draw,_update_boundaries
third_party/godot-open-rpg/src/field/gameboard/debug/debug_pathfinder_map.gd		TileMapLayer	23		_ready,_on_pathfinder_changed,_on_gp_moved
third_party/godot-open-rpg/src/field/gameboard/gameboard.gd		Node	195	properties_set,pathfinder_changed	cell_to_pixel,pixel_to_cell,get_cell_under_node,cell_to_index,index_to_cell,get_adjacent_cell,get_adjacent_cells,register_gameboard_layer,_on_gameboard_layer_cells_changed,_add_cells_to_pathfinder,_remove_cells_from_pathfinder,_connect_new_pathfinder_cells,_is_cell_clear
third_party/godot-open-rpg/src/field/gameboard/gameboard_layer.gd	GameboardLayer		90	cells_changed	_ready,_on_tree_exiting,is_cell_clear,_update_cells
third_party/godot-open-rpg/src/field/gameboard/gameboard_properties.gd	GameboardProperties		39	cell_size_changed,extents_changed	_to_string
third_party/godot-open-rpg/src/field/gameboard/pathfinder.gd	Pathfinder	AStar2D	121		_init,_on_gamepiece_moved,_on_gamepiece_free,has_cell,can_move_to,get_path_to_cell,get_path_cells_to_adjacent_cell,_to_string
third_party/godot-open-rpg/src/field/gamepieces/animation/gamepiece_animation.gd	GamepieceAnimation		110		play,set_direction,_swap_animation
third_party/godot-open-rpg/src/field/gamepieces/controllers/cursor/field_cursor.gd	FieldCursor	TileMapLayer	75	focus_changed,selected	_ready,_unhandled_input,set_focus,_get_cell_under_mouse,_on_input_paused
third_party/godot-open-rpg/src/field/gamepieces/controllers/cursor/player_path_destination_marker.gd		Sprite2D	15		_ready,_on_gp_arrived
third_party/godot-open-rpg/src/field/gamepieces/controllers/gamepiece_controller.gd	GamepieceController		107	waypoint_changed	_ready,_on_input_paused,_get_configuration_warnings,_notification,move_along_path,set_is_active,_move_to_next_waypoint,_on_gamepiece_arriving,_on_gamepiece_arrived
third_party/godot-open-rpg/src/field/gamepieces/controllers/path_loop_ai_controller.gd		GamepieceController	218		_ready,_on_pathfinder_changed,set_is_active,_get_configuration_warnings,_find_move_path,_get_next_waypoint_index,_move_to_next_waypoint,_on_gamepiece_arriving,_on_gamepiece_arrived
third_party/godot-open-rpg/src/field/gamepieces/controllers/player_controller.gd	PlayerController		222		_ready,_on_waypoint_changed,_on_collision_triggered,_on_gamepiece_direction_changed,_unhandled_input,move_along_path,move_to_pressed_key,stop_moving,_on_cell_selected,_on_interaction_selected,_on_gamepiece_arriving,_on_gamepiece_arrived
third_party/godot-open-rpg/src/field/gamepieces/gamepiece.gd	Gamepiece		195	arriving,arrived,direction_changed	_ready,_process,move_to,stop,is_moving
third_party/godot-open-rpg/src/field/gamepieces/gamepiece_registry.gd		Node	107	gamepiece_moved,gamepiece_freed	register,move_gamepiece,get_gamepiece,get_gamepiece_by_name,get_cell,get_occupied_cells,get_gamepieces,_on_gamepiece_tree_exiting,_to_string
third_party/godot-open-rpg/src/field/map.gd		Node2D	30		_ready
third_party/godot-open-rpg/src/field/ui/dialogue_window.gd		DialogicNode_StyleLayer	9		_ready
third_party/godot-open-rpg/src/field/ui/inventory/ui_inventory.gd	UIInventory		48		_ready,get_ui_item,_update_item,_on_inventory_item_changed
third_party/godot-open-rpg/src/field/ui/inventory/ui_inventory_item.gd	UIInventoryItem		24		set_count
third_party/godot-open-rpg/src/field/ui/popups/ui_popup.gd	UIPopup		106	disappeared	_ready,hide_and_free,_on_bounce_finished,_on_animation_finished
third_party/phantom-camera/addons/phantom_camera/examples/scripts/2D/2d_room_limit_tween.gd		Node2D	36		_ready,_on_body_entered,_on_body_exited
third_party/phantom-camera/addons/phantom_camera/examples/scripts/2D/2d_trigger_area.gd		Area2D	16		_ready,_entered_area,_exited_area
third_party/phantom-camera/addons/phantom_camera/examples/scripts/2D/player_character_body_2d.gd		CharacterBody2D	174		_ready,_unhandled_input,_show_interactive_node,_hide_interactive_node,_interactive_node_logic,_physics_process,_show_prompt,_hide_prompt
third_party/phantom-camera/addons/phantom_camera/examples/scripts/3D/3d_trigger_area.gd		Area3D	26		_ready,_entered_area,_exited_area
third_party/phantom-camera/addons/phantom_camera/examples/scripts/3D/npc.gd		Node3D	72		_ready,_on_tween_started,_interactable,_not_interactable,_input
third_party/phantom-camera/addons/phantom_camera/examples/scripts/3D/path_follow.gd		Area3D	14		_ready,_area_shape_entered,_area_shape_exited
third_party/phantom-camera/addons/phantom_camera/examples/scripts/3D/player_controller.gd		CharacterBody3D	84		_ready,_physics_process
third_party/phantom-camera/addons/phantom_camera/examples/scripts/3D/player_controller_first_person.gd		player_controller.gd	54		_ready,_physics_process,_unhandled_input
third_party/phantom-camera/addons/phantom_camera/examples/scripts/3D/player_controller_third_person.gd		player_controller.gd	86		_ready,_physics_process,_unhandled_input,_set_pcam_rotation,_toggle_aim_pcam
third_party/phantom-camera/addons/phantom_camera/inspector/phantom_camera_inspector_plugin.gd		EditorInspectorPlugin	46		_parse_category,_align_camera_with_view,_preview_camera
third_party/phantom-camera/addons/phantom_camera/plugin.gd		EditorPlugin	203		_enable_plugin,_disable_plugin,_enter_tree,_exit_tree,_on_editor_dock_visibility_changed,_btn_toggled,_make_visible,get_version
third_party/phantom-camera/addons/phantom_camera/scripts/gizmos/phantom_camera_3d_gizmo.gd		EditorNode3DGizmo	85		_redraw,_draw_target
third_party/phantom-camera/addons/phantom_camera/scripts/gizmos/phantom_camera_3d_gizmo_plugin.gd		EditorNode3DGizmoPlugin	37		set_gizmo_name,_get_gizmo_name,_has_gizmo,_init,_create_gizmo
third_party/phantom-camera/addons/phantom_camera/scripts/gizmos/phantom_camera_noise_emitter_gizmo_plugin_3d.gd		EditorNode3DGizmoPlugin	29		_init,_has_gizmo,_get_gizmo_name,_redraw
third_party/phantom-camera/addons/phantom_camera/scripts/managers/phantom_camera_manager.gd		Node	190	noise_2d_emitted,noise_3d_emitted,pcam_host_added_to_scene,pcam_host_removed_from_scene,pcam_added_to_scene,pcam_removed_from_scene,pcam_priority_changed,pcam_visibility_changed,pcam_teleport,limit_2d_changed,draw_limit_2d,camera_3d_resource_changed,viewfinder_pcam_host_switch,pcam_priority_override,pcam_dead_zone_changed,pcam_host_layer_changed	_enter_tree,_exit_tree,_ready,pcam_host_added,pcam_host_removed,pcam_added,pcam_removed,pcam_tween_director_added,pcam_tween_director_removed,get_phantom_camera_hosts,get_phantom_camera_2ds,get_phantom_camera_3ds,set_viewfinder,get_viewfinder,scene_changed
third_party/phantom-camera/addons/phantom_camera/scripts/panel/editor.gd		VBoxContainer	23		_ready
third_party/phantom-camera/addons/phantom_camera/scripts/panel/updater/download_update_panel.gd		Control	162	failed,updated	_ready,_on_item_selected,_on_download_button_pressed,_on_mouse_entered,_on_mouse_exited,_on_http_request_request_completed,_on_notes_button_pressed,show_updater_warning
third_party/phantom-camera/addons/phantom_camera/scripts/panel/updater/update_button.gd		Button	177		_ready,_request_request_completed,_on_update_button_pressed,_set_scale,_on_download_dialog_close_requested,_on_download_update_panel_updated,_on_download_update_panel_failed,_on_needs_reload_dialog_confirmed,_on_timer_timeout,version_to_number,check_for_update
third_party/phantom-camera/addons/phantom_camera/scripts/panel/updater/updater_constants.gd		RefCounted	8		
third_party/phantom-camera/addons/phantom_camera/scripts/panel/viewfinder/host_list.gd		VBoxContainer	112	pcam_host_removed	_ready,_set_offset_top,_host_list_button_pressed,_set_host_list_size,_remove_pcam_host,add_pcam_host,clear_pcam_host_list
third_party/phantom-camera/addons/phantom_camera/scripts/panel/viewfinder/host_list_item.gd		Control	58		_ready,_pcam_host_has_error,_rename_pcam_host,_select_pcam,_switch_pcam_host
third_party/phantom-camera/addons/phantom_camera/scripts/panel/viewfinder/viewfinder.gd		Control	633		_ready,_pcam_host_switch,_exit_tree,_process,_physics_process,_process_viewfinder,_settings_changed,_visibility_check,_node_added_to_scene,_get_camera_2d,_check_camera,_update_button,_set_viewfinder_state,_set_empty_viewfinder_state,_add_node,_instantiate_node,_set_viewfinder,_set_viewfinder_camera,_connect_dead_zone,_disconnect_dead_zone,_resized,_is_framed_pcam,_framed_view_visible,_on_dead_zone_changed,_check_follow_mode,_on_update_editor_viewfinder,_select_override_pcam,_assign_manager,_pcam_host_removed_from_scene,_pcam_changed,_set_pcam_host,set_visibility,update_dead_zone,scene_changed
third_party/phantom-camera/addons/phantom_camera/scripts/phantom_camera/phantom_camera_2d.gd	PhantomCamera2D	Node2D	1971	became_active,became_inactive,follow_mode_changed,follow_target_changed,dead_zone_changed,dead_zone_reached,tween_started,is_tweening,tween_interrupted,tween_completed,noise_emitted,physics_target_changed	_validate_property,_enter_tree,_exit_tree,_ready,_process,_physics_process,process_logic,_limit_checker,_follow,_set_follow_position,_set_follow_velocity,_set_rotation_velocity,_reset_lookahead,_set_lookahead_velocity,_get_follow_target_velocity,_apply_lookahead,_interpolate_position,_smooth_damp,_set_limit_clamp_position,_draw,_camera_frame_rect,_on_tile_map_changed,_get_target_position_offset,_on_dead_zone_changed,_draw_camera_2d_limit,_check_limit_is_not_default,_check_visibility,_follow_target_tree_exiting,_should_follow_checker,_follow_targets_size_check,_noise_emitted,_set_layer,_check_physics_body,_is_parents_physics,update_limit_all_sides,reset_limit,set_tween_skip,get_tween_skip,get_transform_output,get_noise_transform,emit_noise,teleport_position,is_following,set_zoom,get_zoom,set_priority,get_priority,set_tween_resource,get_tween_resource,set_tween_duration,get_tween_duration,set_tween_transition,get_tween_transition,set_tween_ease,get_tween_ease,set_is_active,is_active,set_tween_on_load,get_tween_on_load,set_host_layers,set_host_layers_value,get_host_layers,get_follow_mode,set_follow_target,erase_follow_target,get_follow_target,set_follow_path,erase_follow_path,get_follow_path,set_follow_targets,append_follow_targets,append_follow_targets_array,erase_follow_targets,get_follow_targets,set_follow_offset,get_follow_offset,set_follow_damping,get_follow_damping,set_follow_damping_value,get_follow_damping_value,set_lock_axis,get_lock_axis,set_rotate_with_target,get_rotate_with_target,set_rotation_offset,get_rotation_offset,set_rotation_damping,get_rotation_damping,set_rotation_damping_value,get_rotation_damping_value,set_snap_to_pixel,get_snap_to_pixel,set_auto_zoom,get_auto_zoom,set_auto_zoom_min,get_auto_zoom_min,set_auto_zoom_max,get_auto_zoom_max,set_auto_zoom_margin,get_auto_zoom_margin,set_lookahead,get_lookahead,set_lookahead_time,get_lookahead_time,set_lookahead_max,get_lookahead_max,set_lookahead_max_value,get_lookahead_max_value,set_lookahead_acceleration,get_lookahead_acceleration,set_lookahead_deceleration,get_lookahead_deceleration,set_limit,get_limit,set_limit_left,get_limit_left,set_limit_top,get_limit_top,set_limit_right,get_limit_right,set_limit_bottom,get_limit_bottom,_limit_target_exist_error,set_limit_target,get_limit_target,set_limit_margin,get_limit_margin,set_noise,get_noise,has_noise_resource,set_noise_emitter_layer,set_noise_emitter_layer_value,get_noise_emitter_layer,set_inactive_update_mode,get_inactive_update_mode,get_follow_target_physics_based,get_class,is_class
third_party/phantom-camera/addons/phantom_camera/scripts/phantom_camera/phantom_camera_3d.gd	PhantomCamera3D	Node3D	3086	became_active,became_inactive,follow_mode_changed,follow_target_changed,look_at_target_changed,dead_zone_changed,dead_zone_reached,tween_started,is_tweening,tween_interrupted,tween_completed,noise_emitted,physics_target_changed,camera_3d_resource_property_changed,camera_3d_resource_changed	_validate_property,_enter_tree,_exit_tree,_ready,_process,process_logic,_follow,_look_at,_set_follow_position,_set_look_at_position,_get_target_position_offset,_get_target_position_offset_distance,_get_target_position_offset_distance_direction,_set_follow_velocity,_interpolate_position,_set_third_person_camera,_look_at_target_quat,_interpolate_rotation,_smooth_damp,_smooth_damp_vector,_reset_follow_lookahead,_reset_look_at_lookahead,_get_follow_target_velocity,_get_look_at_target_velocity,_get_follow_lookahead_delta,_get_look_at_lookahead_delta,_project_onto_plane,_get_raw_unprojected_position,_on_dead_zone_changed,_get_framed_side_offset,_set_layer,_check_visibility,_follow_target_tree_exiting,_should_follow_checker,_follow_targets_size_check,_look_at_target_tree_exiting,_up_target_tree_exiting,_should_look_at_checker,_look_at_targets_size_check,_noise_emitted,_is_parents_physics,_camera_resource_changed,_set_follow_gizmo_line_position,_check_draw_gizmo,get_transform_output,get_noise_transform,emit_noise,teleport_position,is_following,is_looking,get_follow_target_position,get_look_at_target_position,set_tween_skip,get_tween_skip,set_priority,get_priority,set_tween_resource,get_tween_resource,set_tween_duration,get_tween_duration,set_tween_transition,get_tween_transition,set_tween_ease,get_tween_ease,set_is_active,is_active,set_tween_on_load,get_tween_on_load,set_host_layers,set_host_layers_value,get_host_layers,get_follow_mode,set_follow_target,erase_follow_target,get_follow_target,set_follow_path,erase_follow_path,get_follow_path,set_follow_targets,append_follow_targets,append_follow_targets_array,erase_follow_targets,get_follow_targets,set_follow_offset,get_follow_offset,set_follow_damping,get_follow_damping,set_follow_damping_value,get_follow_damping_value,set_follow_distance,get_follow_distance,set_auto_follow_distance,get_auto_follow_distance,set_auto_follow_distance_min,get_auto_follow_distance_min,set_auto_follow_distance_max,get_auto_follow_distance_max,set_auto_follow_distance_divisor,get_auto_follow_distance_divisor,set_third_person_rotation,get_third_person_rotation,set_third_person_rotation_degrees,get_third_person_rotation_degrees,set_third_person_quaternion,get_third_person_quaternion,set_vertical_rotation_offset,get_vertical_rotation_offset,set_horizontal_rotation_offset,get_horizontal_rotation_offset,set_spring_length,get_spring_length,set_collision_mask,set_collision_mask_value,get_collision_mask,set_shape,get_shape,set_margin,get_margin,add_exception,add_exception_rid,remove_exception,remove_exception_rid,clear_exceptions,set_draw_follow_line,get_draw_follow_line,set_draw_look_at_line,get_draw_look_at_line,get_look_at_mode,set_look_at_target,get_look_at_target,set_look_at_targets,append_look_at_target,append_look_at_targets_array,erase_look_at_targets,erase_look_at_targets_member,get_look_at_targets,set_look_at_offset,get_look_at_offset,set_look_at_damping,get_look_at_damping,set_look_at_damping_value,get_look_at_damping_value,set_follow_lookahead,get_follow_lookahead,set_follow_lookahead_time,get_follow_lookahead_time,set_follow_lookahead_acceleration,get_follow_lookahead_acceleration,set_follow_lookahead_deceleration,get_follow_lookahead_deceleration,set_follow_lookahead_max,get_follow_lookahead_max,set_follow_lookahead_max_value,get_follow_lookahead_max_value,set_look_at_lookahead,get_look_at_lookahead,set_look_at_lookahead_time,get_look_at_lookahead_time,set_look_at_lookahead_acceleration,get_look_at_lookahead_acceleration,set_look_at_lookahead_deceleration,get_look_at_lookahead_deceleration,set_look_at_lookahead_max,get_look_at_lookahead_max,set_look_at_max_lookahead_value,get_look_at_max_lookahead_value,set_follow_axis_lock,get_follow_axis_lock,set_up,get_up,set_up_target,get_up_target,set_noise,get_noise,has_noise_resource,set_noise_emitter_layer,set_noise_emitter_layer_value,get_noise_emitter_layer,set_inactive_update_mode,get_inactive_update_mode,set_camera_3d_resource,get_camera_3d_resource,set_keep_aspect,get_keep_aspect,set_cull_mask,set_cull_mask_value,get_cull_mask,set_environment,get_environment,set_attributes,get_attributes,set_compositor,get_compositor,set_h_offset,get_h_offset,set_v_offset,get_v_offset,set_projection,get_projection,set_fov,get_fov,set_size,get_size,set_frustum_offset,get_frustum_offset,set_near,get_near,set_far,get_far,draw_follow_gizmo_line,draw_look_at_gizmo_line,get_class,is_class
third_party/phantom-camera/addons/phantom_camera/scripts/phantom_camera/phantom_camera_constants.gd		RefCounted	29		
third_party/phantom-camera/addons/phantom_camera/scripts/phantom_camera/phantom_camera_noise_emitter_2d.gd	PhantomCameraNoiseEmitter2D	Node2D	264		_get_configuration_warnings,_validate_property,_enter_tree,_process,_set_layer,emit,is_emitting,stop,toggle,set_noise,get_noise,set_continuous,get_continuous,set_growth_time,get_growth_time,set_duration,get_duration,set_decay_time,get_decay_time,set_noise_emitter_layer,set_noise_emitter_value,get_noise_emitter_layer
third_party/phantom-camera/addons/phantom_camera/scripts/phantom_camera/phantom_camera_noise_emitter_3d.gd	PhantomCameraNoiseEmitter3D	Node3D	265		_get_configuration_warnings,_validate_property,_enter_tree,_process,_set_layer,emit,is_emitting,stop,toggle,set_noise,get_noise,set_continuous,get_continuous,set_growth_time,get_growth_time,set_duration,get_duration,set_decay_time,get_decay_time,set_noise_emitter_layer,set_noise_emitter_value,get_noise_emitter_layer
third_party/phantom-camera/addons/phantom_camera/scripts/phantom_camera/phantom_camera_tween_director.gd	PhantomCameraTweenDirector	Node	60		_enter_tree,_exit_tree,set_tween_director,get_tween_director
third_party/phantom-camera/addons/phantom_camera/scripts/phantom_camera_host/phantom_camera_host.gd	PhantomCameraHost	Node	1469	viewfinder_update,viewfinder_disable_dead_zone,has_error,pcam_became_active,pcam_became_inactive	_get_configuration_warnings,_enter_tree,_exit_tree,_ready,_pcam_host_layer_changed,_pcam_is_in_host_layer,_find_pcam_with_highest_priority,_check_pcam_priority,_assign_new_active_pcam,_tween_value_checker,_tween_director_resource_checker,_check_pcam_physics,_process,_physics_process,_tween_follow_checker,_pcam_follow,_noise_emitted_2d,_noise_emitted_3d,_camera_3d_resource_changed,_camera_3d_edited,_camera_3d_resource_property_changed,_pcam_tween,_tween_interpolate_value,_check_viewfinder_in_play,_update_limit_2d,_draw_limit_2d,_pcam_added_to_scene,_pcam_removed_from_scene,_pcam_visibility_changed,_pcam_teleported,_set_layer,_assign_default_third_person_shape,pcam_priority_updated,_pcam_priority_override,pcam_priority_override_disabled,get_active_pcam,get_trigger_pcam_tween,refresh_pcam_list_priority,process,set_interpolation_mode,get_interpolation_mode,set_host_layers,set_host_layers_value,get_host_layers,is_physics_based
third_party/phantom-camera/addons/phantom_camera/scripts/resources/camera_3d_resource.gd	Camera3DResource	Resource	110		_validate_property
third_party/phantom-camera/addons/phantom_camera/scripts/resources/phantom_camera_noise_2d.gd	PhantomCameraNoise2D	Resource	228		_init,_validate_property,_get_noise_from_seed,set_trauma,get_noise_transform,reset_noise_time,set_amplitude,get_amplitude,set_frequency,get_frequency,set_randomize_noise_seed,get_randomize_noise_seed,set_noise_seed,get_noise_seed,set_positional_noise,get_positional_noise,set_rotational_noise,get_rotational_noise,set_positional_multiplier_x,get_positional_multiplier_x,set_positional_multiplier_y,get_positional_multiplier_y,set_rotational_multiplier,get_rotational_multiplier
third_party/phantom-camera/addons/phantom_camera/scripts/resources/phantom_camera_noise_3d.gd	PhantomCameraNoise3D	Resource	301		_init,_validate_property,_get_noise_from_seed,set_trauma,get_noise_transform,reset_noise_time,set_amplitude,get_amplitude,set_frequency,get_frequency,set_randomize_noise_seed,get_randomize_noise_seed,set_noise_seed,get_noise_seed,set_positional_noise,get_positional_noise,set_rotational_noise,get_rotational_noise,set_positional_multiplier_x,get_positional_multiplier_x,set_positional_multiplier_y,get_positional_multiplier_y,set_positional_multiplier_z,get_positional_multiplier_z,set_rotational_multiplier_x,get_rotational_multiplier_x,set_rotational_multiplier_y,get_rotational_multiplier_y,set_rotational_multiplier_z,get_rotational_multiplier_z
third_party/phantom-camera/addons/phantom_camera/scripts/resources/tween_director_resource.gd	TweenDirectorResource	Resource	155		_validate_property,set_tween_resource,get_tween_resource,set_from_type,get_from_type,set_from_phantom_cameras,get_from_phantom_cameras,set_from_tween_resources,get_from_tween_resources,set_to_type,get_to_type,set_to_phantom_cameras,get_to_phantom_cameras,set_to_tween_resources,get_to_tween_resources
third_party/phantom-camera/addons/phantom_camera/scripts/resources/tween_resource.gd	PhantomCameraTween	Resource	41		
third_party/phantom-camera/dev_scenes/2d/scripts/dev_scene_2d.gd		Node2D	36		_ready,_input,_teleport_left,_teleport_right
third_party/phantom-camera/dev_scenes/3d/scripts/dev_scene_3d.gd		Node3D	13		_input
